602498,贪吃蛇大作战-等你来战！
35742,iTunes U
34469,Numbers 表格
34470,Pages 文稿
34468,Keynote 讲演
34576,iMovie 剪辑
34846,库乐队
30008,王者荣耀
37117,BeautyCam美颜相机
711279,阴阳师-樱花祭
35419,"高德地图-精准地图,旅游导航必备"
35315,百度地图-出行导航必备的智能路线规划软件
717902,B612咔叽 - 全球自拍达人的新圣地
898979,我的文明
34974,"美团-吃喝玩乐,尽在美团"
30114,腾讯视频-创造101全网独播
36579,滴滴出行-滴滴一下，美好出行
34655,淘宝 - 移动购物，生活社区
30613,QQ
34335,支付宝 - 让生活更简单
72,微信
34356,优酷视频-这！就是街舞全网独播
33519,WiFi万能钥匙 - 安全Wi-Fi一键连
34704,爱奇艺-热血街舞团全网独播
34671,QQ同步助手-手机通讯录安全备份管家
33171,携程旅行-让旅行更幸福
33537,QQ音乐 - 来这里“发现”音乐
39942,全民K歌 – K歌短视频互动平台
35545,QQ邮箱
41295,映客- 好看的人都在用的直播社交平台
36496,百度网盘
34895,京东-挑好物，上京东
30417,球球大作战（BOB）
28536,酷狗音乐-《无限歌谣季》官方音乐APP
34920,美图秀秀
30942,工银融e联
34428,微博
36708,铁路12306
23852,欢乐斗地主
33009,唯品会 - 全球精选 正品特卖
33435,"饿了么-外卖订餐,美食30分钟到家"
33815,QQ浏览器——想听FM小说、腾讯新闻漫画都在这
42016,潮自拍
40795,Faceu激萌 - 卖萌自拍AR相机
28385,开心消消乐®
36951,中国移动（原中国移动手机营业厅）
35701,国美-享生活惠购物
28505,百度
37022,酷我音乐-畅听无损好音质
38434,"美团外卖-外卖订餐,送啥都快"
34715,去哪儿旅行-机票酒店火车票和门票预订
33182,腾讯手机管家-电话短信防骚扰的QQ安全助手
35583,同程旅游-订机票火车票酒店门票
743774,Fate/Grand Order（命运-冠位指定）
23784,腾讯欢乐麻将全集
35476,"百度糯米-电影,美食"
30956,中国工商银行
36997,UC浏览器-新闻头条智能浏览器
36523,平安金管家-值得信赖的移动金融生活管家
30297,大众点评-分享你的潮生活
37055,网易云音乐-音乐的力量
639075,经典玛丽 - FC小霸王超级顶蘑菇中文怀旧版
36263,今日头条 - 你关心的，才是头条
34632,乐视视频-《远大前程》全网首播
35190,快手
40135,搜狗输入法-语音输入文字扫描
35331,飞猪旅行-机票酒店预订和旅游攻略推荐
34992,苏宁易购- 挑品质家电 享精致生活
35981,"闲鱼-挂闲鱼,闲置能换钱"
620568,"视吧—财经直播,财经网红 品质生活直播 娱乐社交直播平台"
34690,中国建设银行
29768,哔哩哔哩-弹幕番剧直播高清视频
740937,全民斗地主 免费二人癞子多玩法棋牌
635494,"好运来电玩城 - 经典街机游戏,完美移植,掌上达人必备"
938574,灵域弑仙-2016最热全民阵营战，竞技挂机双模式手游
917117,六角拼拼（pk版)－陪你玩到地老天荒
692199,纸牌接龙 - 最好玩的经典游戏
639796,"疯狂诈金花-谁敢一把跟到底,欢乐三张牌炸翻天！"
690517,至尊电玩城-最好赢钱的游戏厅游戏合集
677579,神将三国-王者归来
708510,部落军团-远征先锋军
602574,天天电玩城-2016最新版
702831,大富豪棋牌
39968,百度外卖-品质生活，安全送达
31937,宾果消消消®
34526,Uber
34636,汽车之家-2.2亿家人都在用的汽车App
33220,农行掌上银行
533219,倩女幽魂-二周年庆典
30363,途牛旅游-让旅游更简单
35631,58同城-招聘找工作兼职租房二手房
30900,穿越火线:枪战王者
490037,宅男神器-看片神器-视频盒子-美極了
627958,"新欢乐斗地主-国民斗地主游戏,斗地主全集"
700976,免费书旗小说-最新海量版
35200,360手机卫士-电话短信防骚扰拦截安全助手
39373,喜马拉雅FM「听书社区」电台有声小说相声评书
28497,腾讯欢乐升级
37167,虾米音乐-听见不同(阿里出品)
39119,in-我的生活in记
28501,安居客-二手房、新房、租房的找房助手
30580,腾讯新闻-事实派的热点资讯娱乐短视频软件
708408,至尊归来
36119,天猫-理想生活上天猫
702557,建造世界2：我的免费中文版积木游戏
635410,万年历Pro-日历星座农历生日闹钟提醒 旅游出行天气变化随时预告
109283,全景 - 图片分享与图片社交的神器
433885,摩拜单车-好骑可靠的共享单车
719335,至尊棋牌
34923,中国联通手机营业厅客户端(官方版)
938500,梦幻仙侠传-绿色回合新时代
587917,可米酷纯白-原创漫画阅读平台
220651,皇家大富豪
933184,崩坏3
35020,YY-全民直播交友软件
41188,美妆相机
32905,探探－超火爆社交App
37444,芒果TV
36598,去哪儿攻略—查旅游攻略，订机票酒店
34749,掌上生活-新人领666元大礼包
43103,买单吧-交通银行信用卡
617049,保卫萝卜3
37674,智行火车票 for 12306火车票官网
744531,云集VIP - 全球精品超市
691887,"QPlayer - 老司机必备,可以打开网址的看片神器"
35244,爱奇艺PPS
33177,腾讯WiFi管家-安全WiFi一键解锁
741909,异次元战姬
36003,驾考宝典-驾校学车考驾照必备
41889,一起作业学生-在线作业更高效
677481,地牢创世纪-体验超快节奏地牢闯关
37234,WPS Office
23350,天天爱消除
35951,360云盘
37315,狂野飙车8：极速凌云
23565,掌上英雄联盟 for LOL
40005,家长通-一起作业专业家庭教育平台
84199,"驴妈妈旅游-订景点门票,选机票酒店"
703991,梦幻花园 (Gardenscapes)
39678,京东金融-新人领888元大礼包
35392,搜狐视频-拜见宫主大人、法医秦明 全网独播
42761,拼多多 - 3亿人都在拼
38815,作业帮-中小学搜题答疑辅导利器
39118,美拍
33149,Keep - 自由运动场
29992,天天P图-又美又好玩的全民P图软件
104304,平安好车主-买保险、办理赔、享服务
35964,唱吧-时尚的手机KTV
34725,土豆视频-个性化搞笑短视频
35277,MOMO陌陌
108825,加油宝—多赚好省更安全！
29731,斗鱼直播-高清游戏互动视频直播
634974,汤姆猫跑酷
29761,AcFun-国内弹幕动漫视频第一家
34192,新浪新闻-热门新闻抢先看
34490,QQ空间-杨洋代言全民社交平台
31903,JJ斗地主
41545,花椒直播-3亿人都在玩的视频交友社区
42643,交管12123
35645,秒拍-超火爆短视频分享平台
626924,疯狂动物园-极速跑酷新旅程
34647,QQ安全中心
682346,苍穹修仙—群组团P、自由交易，10分钟送神器！全民回合制PK手游
701787,仙语仙缘
39969,滴滴车主-滴滴优步司机招募
678696,帝国王座-文明
718330,幻想战记—血脉的传承
653437,虫虫大作战
722924,爱思苹果手机助手 一 免费应用软件游戏同步推应用宝
35707,QQ阅读-拥有海量热门小说、漫画的电子书阅读器
34942,汽车报价大全-易车出品，新车选车买车
35019,"易到 - 低价专车,高品质出行"
485597,熊猫直播-热门游戏高清赛事直播
23782,欢乐斗棋牌
35466,看看视频
39874,快看漫画-高清正版漫画流畅看
620351,熊猫四川麻将
34760,中国银行手机银行
740956,南瓜播放器
744358,贪吃蛇大作战2一蛇蛇虫虫联网经典实时对战
34296,高德导航
35609,百度贴吧-全球最大中文兴趣社区
42581,小说阅读器-txt电子书阅读器书旗免费小说看书软件
573433,蛇蛇大作战-实时对战蛇蛇
36152,画中画相机 - 美图P图软件与美颜美妆神器
731204,小小魔兽OL - 西欧魔幻3D体验!
34996,网易新闻 - 头条视频资讯阅读平台
589736,狂暴之翼-3D炫战ARPG手游
653096,"合金弹投 - 横版街机射击闯关手游 !头号杀手,号令天下!"
40724,携程攻略-查游记旅游攻略订机票旅行必备
740951,"龙之霸业 - 全新动作格斗手游,我们的热血传奇世界！"
32894,招商银行
741268,修仙屠魔录 - 全新mmoarpg魔幻武侠网游ol
477770,韩剧TV-追剧女生大本营
43859,cos大乱斗
23384,天天酷跑
920054,天魔屠龙-一刀秒杀天天爆金装
656233,三国恋OL
700875,"烈焰传奇霸业版 - 重回热血世界,万人同屏对战,pk竞技决战巅峰！"
744656,"猎人之怒 - 回合制养成网游,战斗吧！全民五杀！"
35104,墨迹天气 - 精准预报实时天气变化
742862,命运之锤
36033,电信营业厅-新人领豪华大礼包
628844,部落军团--全民约战！免费卡牌策略战斗，热血的英雄战争游戏。
643633,壁纸精灵 : 百万超高清手机主题墙纸
30731,钢琴块2™
38249,百度阅读-正版最热电子书小说阅读器
33409,天天快报 - 腾讯兴趣阅读平台
37002,肯德基KFC(官方版)-会员优惠券和宅急送外卖订餐
29738,虎牙直播-热门高清游戏互动直播平台
636492,CSR Racing 2
41846,转转二手交易网-一个帮你赚钱的网站
40483,小米运动
36175,宝宝树孕育-妈妈备孕怀孕伴侣和母婴育儿助手
441854,男衣库
41479,小天才 电话手表-可以打电话的手表
36841,有道翻译官-出国旅游英语日语翻译必备旅行APP
33426,部落冲突:皇室战争(Clash Royale)
39998,SimCity BuildIt
36383,暴风影音-BaoFeng Player
717397,可萌记账 - 超萌的记帐软件
37498,沪江开心词场
736232,Disney Princess: Charmed Adventures
34440,网易有道词典-6亿人都在用的外语学习翻译APP
40321,钉钉
35058,知乎 - 发现更大的世界
36725,淘票票——淘出好时光
39697,网易邮箱大师
23793,节奏大师
34890,房天下-新房二手房租房买房装修平台
37534,梦想小镇 (Township)
34821,"马蜂窝旅游-查旅游攻略,订旅行酒店门票"
35777,邮储手机银行
41724,手机铃声-精选苹果手机铃声大全，好用的铃声设置助手
715567,蜜桃播放器-最新最快最全的影视资讯
697918,Flowing ~ Meditation in Nature
736347,影音先锋播放器(最新版)
29239,神庙逃亡2
532507,"寂寞约爱-同城美女帅哥在线约,附近陌生人激情聊天交友约会软件"
565147,皮皮四川麻将
677145,途家公寓-全球公寓民宿预订平台
42849,街机达人捕鱼联网版-街机经典 再塑精品
36169,腾讯微云
925818,红龙战士-史诗级策略战斗手游
35326,咕咚-你的跑步健身运动圈子
742714,封天之战-最热唯美玄幻修仙动作手游大作
37728,我的汤姆猫
35415,下厨房 - 美食菜谱
41276,全民夺宝-一元零钱来夺宝，一元即云购热门特惠特卖正品，是海淘折扣逛街的省钱助手
35149,PP视频-足球解说大会全网独播
32844,菜鸟裹裹 - 快递随时查寄取
39923,我的安吉拉
34982,东方财富-股票炒股 证券开户
43692,精灵进化
42662,末日争霸：最终之战
38675,美图壁纸主题 - 最热门的高清壁纸和背景主题
37011,VSCO
35890,猫眼-娱乐看猫眼
38676,宜人贷借款 – 凭信用卡贷款200000元
37509,平安证券-炒股、股票
721888,江湖群英传-经典武侠角色扮演手游
724493,PP助手手机版 苹果助手软件免费首发
708324,我欲封天之至尊归来-耳根正版授权 划时代卡牌手游！
621489,大千世界-逆袭史上所有卡牌 免费送神卡
38465,小红书 - 标记我的生活
153228,Banana Kong
619881,斗破乾坤-登陆就送传奇英雄 你的命运由你改写
477144,古龙侠客令
708926,群英封妖录
738665,武林豪侠传-最热武侠回合制战斗手游
743833,燃烧军团-最有趣最烧脑的策略角色扮演游戏
34817,链家-二手房租房新房专业房产交易平台
31963,腾讯地图-路况精准出行必备的导航软件
35377,玩图 - 美妆P图相机
717693,腾讯相册管家-一键安全同步备份手机照片
162580,无敌士兵: 狙击FPS生存英雄战争！
120608,一直播-黄金时刻答题分百万现金
653703,"拍拍贷借款(专业版)-借钱闪电到账,急用钱必备小额贷款"
29178,植物大战僵尸2
35421,广东移动手机营业厅
35940,阿里巴巴(1688) - 买卖家批发采购的专业市场
662251,闲来广东麻将推倒胡-2016最全广东麻将粤语版本
36968,Google 地图
41720,多玩MC盒子 for 我的世界 -资讯社区
36130,翼支付
121273,合拍-最火爆的成人同城兴趣视频交友平台
560035,联机游戏服务器 for Minecraft我的世界
36870,车轮(车轮查违章)2018全国违章代缴助手
35163,平安口袋银行（手机银行）
623718,广发银行信用卡发现精彩——开启信用消费新生活
196681,粉丝网-粉丝自己的媒体
470897,闪电降价-男装折扣商城
567895,全民热血-正版1.76经典手游盛大归来登陆送裁决PK爆屠龙
596805,大触漫画——免费日更高清好看无广告体验最好漫画神器
39538,WiFi钥匙-安全上网管家
32142,火影忍者
36049,高铁管家 - 火车票机票云端自动抢票
29172,会说话的汤姆猫2
36703,51信用卡管家-理财还款工具
40764,神州专车-专业安全，出行优选
543797,大主宰绿色版
733888,萌弹先锋-首款萌萌哒即时回合制竞技手游
925817,挂机吧西游-首款全民挂机类游戏
692375,狂暴之翼HD-3D炫战ARPG手游
740600,修真情缘
715849,部落军团—荣耀守卫者
742496,电玩城街机版 - 精品经典街机游戏
742108,精品电玩城HD-拉斯维加斯老虎机拉霸777游戏合集
705342,大话仙侠
738135,仙逆奇缘-修仙ARPG手游，国庆豪华福利
634089,神域仙缘
436319,"旋风足球：实时对战,极度烧脑,神秘教练系统强势登陆"
741216,皇图天下
711681,暴走妖神
43341,全民打BOSS-微操策略3D热门手游（世界同服）
399559,D2C-全球好设计
23900,Subway Surfers
41284,她社区-只有女生的社区！
39876,小猿搜题-中小学拍照搜题利器
538147,腾讯NOW直播—3亿人短视频直播交友平台
39243,影视大全[官方]
39188,美美拍相机－美颜美妆最潮自拍神器！
39144,糖果苏打传奇
730634,剑侠世界-一生不容错过的浪漫武侠
677787,影视大全【布丸】-看电视剧电影的高清播放器
37495,美柚月经期助手-女性备孕怀孕育儿社区
35224,相机360 - 自拍更自然
482058,Wifi无线密码 - 万能钥匙wifi免费破解
43171,优酷先锋版
41589,瓜子二手车直卖网-二手车卖车买车交易平台
738522,像素积木2：我的免费口袋版游戏
574095,魔灵幻想3D-万人同服，自由交易
718186,PP助手 爱思助手正版免费苹果app
40008,MIX滤镜大师 - 创意无限的图像编辑与海报定制
42572,滚动的天空
34668,赶集网-招聘找工作求职租房平台
482337,闲来麻将
42000,网商银行
548152,天行VPN - 专业版无限流量网络加速器
528832,樱桃小丸子
914300,
517668,麻将 四川麻将单机版 -欢乐麻将血战到底;单机游戏
726234,劲舞团-费启鸣代言推荐
35166,Snapseed
28655,蘑菇街-买女装，逛蘑菇街
41423,拍拍贷借款-纽交所上市P2P信贷平台
40318,WiFi密探
34673,Instagram
37017,百度视频 - 奔跑吧2首播
41492,"铃声大全 : 一键同步的手机铃声管家, 来电酷音制作助手App"
743183,网盘搜索神器-在线云播视频播放器
37000,黄油相机 - 最近滤镜挺美的
36599,小伴龙
36095,内涵段子-精选搞笑图片、视频
23922,奇迹暖暖
35830,星巴克中国
711827,西瓜影音播放器手机版吉吉先锋app
738425,先锋影音 吉吉影音播放器西瓜下载
713797,58同城网-招聘找工作就上58同城网！
618756,炸金花电玩城-梭哈•牛牛•百人•赢三张棋牌游戏合集
621249,彈彈島Ⅱ-Q萌性感彈射社交手遊（亞洲最紅少女天團Snh48代言）
728538,欢乐街机捕鱼-全民热血无限疯狂捕鱼街机赚钱游戏合集
903031,街机电玩城合集-真人在线经典游戏娱乐城
717972,Papistar消星星-2016经典休闲小游戏
39044,房多多-二手房新房专业选房平台
729728,光头司令 - 臭狗熊，我跟你们没完!
41719,荔枝FM
712628,全民•斗地主-经典斗地主游戏
36292,"天天基金-基金理财,申购费率1折"
37169,云之家-移动办公行家
34716,凤凰新闻-有料的热点资讯、娱乐短视频
644454,美食菜谱大全—天天下厨房早餐晚餐家常菜料理
741166,樱花飞 飞行障碍游戏
23675,全民飞机大战
670275,天堂2:血盟(官方正版)
35463,百度知道
712765,仙侠江湖
32227,跟谁学-好课就在跟谁学
914938,
28538,豆瓣
37672,免费小说书城-小说下载阅读器离线看书
619517,万年历日历
971175,天行九剑
623367,新斗地主-斗地主全集，经典棋牌合集
725862,中海华夏交易
742792,街机电玩城-最刺激的掌上电玩游戏合集
744209,狩猎联盟 - 经典3D横版动作网游app!
970128,神将三国-名将传奇
705656,帝国王座-文明之战
548268,冒险骑士团OL-御宅上班族8090的福利休闲动漫画二次元养成手游
741579,军团再临-部落与联盟
34627,易车-专业汽车新闻资讯
694231,永恒纪元
724818,烈焰-传奇再续，经典不灭
33547,美篇 - 朋友圈图文编辑分享神器
734576,怪兽大作战-狂殴小怪兽欢乐对战
37337,拼立得 - 美图拼图相机
36102,上海移动掌上营业厅
38959,京东钱包
39608,简拼-文艺范视频拼图·美图P图神器
31983,微信读书
33816,车来了-精准的实时掌上公交地铁
658094,"同城斗地主-不一样的斗地主,值得下载"
543590,企鹅直播-NBA足球台球体育赛事视频
41638,小咖秀短视频
740828,暴走魔兽 - 新策略微操作卡牌手游
930579,黑龙再临 - 革新放置版策略挂机手游
744391,360手机助手苹果版一免费应用游戏软件
697726,"热血斗地主OL-最火热、最好玩的斗地主,全新游戏全新体验，等你来战！"
696107,微信多开宝分身版 多帐号双开助手
34385,亚马逊购物
30290,讯飞输入法-智能语音输入和表情斗图神器
35426,掌阅 - 引领品质阅读
41019,网易考拉海购——《奔跑吧》&amp;《向往的生活》官方指定海购平台
744066,"经典电玩城万人版 - 年少激情,畅玩街机"
727057,修真界-自由交易，装备全靠打，输出全靠吼
35617,春雨医生—在线咨询，医疗健康服务平台
103308,懂球帝 - 足球迷必备神器
41418,乐视体育-看英超×NBA×电竞最新资讯
910236,影音先锋播放器一吉吉影音看片神器
34325,央视影音-海量央视内容高清直播
39822,B612 
911667,XY助手 手机助手免费app
898011,"荒野猎人 - 全新热血游戏体验,天天组队超神,角色扮演巅峰之作!"
36829,追书神器-全网更新最快的小说阅读器
743839,烈火挂机HD - 史诗级热血动作手游3D武侠修仙网游!
741535,黑龙觉醒 - 放置类手游开创卡牌策略新玩法
37005,PicsArt美易照片编辑: 图片 &amp; 拼贴画制作工具
35936,蜻蜓FM收音机广播电台 - 听相声评书有声小说
37908,微店店长版 - 手机开店用微店
942549,开心街机捕鱼HD-21点百家乐精品街机电玩合集
739309,"皇家老虎机-水果机,水浒传电玩城合集"
678695,帝国王座-文明崛起
614443,疯狂扎金花-全民欢乐炸金花，经典趣味街机联网棋牌
687810,PoppingStar消星星 - 2016经典免费小游戏
711443,无双悍将-三国盛世风云再起，成就霸业传奇
1002903,英雄丹 (Dan the Man 官方正版)
223290,天天斗地主-和明星一起欢乐斗地主
626209,玄女传说（跨服抢仙女）
992451,Maximum Car
37297,IMPOSSIBLE ROAD
928231,
567523,热血无双 - 大型3D角色扮演mmoarpg动作PK手游！
35868,折800-正品特卖商城
1005659,Shadow Bug Rush
743854,游乐园-经典游乐园游戏大集锦
727781,爱思app手机助手 - 免费应用软件游戏同步推应用宝
465618,平安口袋银行-信用卡贷款与理财投资的金融平台
36622,百词斩-背单词、学英语必备
37198,英语流利说-会打分的英语口语外教!
40732,人人视频-高清美剧韩剧海外短视频社区
651745,"成人约爱-探探附近寂寞单身男女,陌生人搭讪聊天交友神器"
696924,军团再临-为了联盟
742491,电玩城掌上达人 - 精品街机游戏随你玩
982221,天天捕鱼－口袋中的联网捕鱼机
936918,街机电玩城-原版移植棋牌娱乐游戏合集
707293,大话仙灵-2016全民梦幻回合制手游，西游封神问道传奇
687155,暴击三国-王者归来
990555,岳飞传奇-与英雄齐肩踏上征途
29137,萌店-朋友圈的品质生活
689633,花生地铁WiFi—畅享地铁官方无线网络
152405,课程格子—大学生校内必备神器
738137,魔兽挂机 - 解放双手放置类卡牌挂机游戏!
714417,"修仙异闻录 - 经典起点玄幻小说改编网游ol,登录即送传奇绝版时装,完美稀有宠物!"
484271,我欲封天MMO - 最新小说改编手游arpg角色扮演暗黑手游！
486337,小小屠龙【国际版】-连续登陆送橙色剑姬妹子！
716227,热血武林-武侠小说大全卡牌角色扮演RPG手游
602897,新蜀山逍遥令-梦回蜀山，逍遥天下-热血混战，爆装战斗手游
585578,一国两国三国志-群雄并起 神将再现 三国无双之神将无敌
898836,我们的传奇-手机版传奇
42402,微商水印相机【官方】
43205,手机贷
39499,平安普惠-助您获取贷款
35714,智联招聘网-找工作求职人才招聘软件
34363,交通银行
920014,天使永恒-最热放置策略手游
637128,主宰之路-三合一技能释放，逆袭史上所有卡牌！
684718,暗黑神话-大型3D动作修真玄幻手游让你体验渡劫修仙之旅
735527,超神山海世界
630767,决战武林-2016最纯正武侠动作手游，送六星红将
37369,驾校一点通-2018学车驾考驾照宝典
986949,口袋进化
946446,灌篮（送赤木）：经典动漫，打造全明星阵容
33774,当当-购物享当当
36799,超级课程表－大学生必备的APP
36766,萤石云视频
40691,钱盾—电话短信防骚扰的安全手机管家
34912,前程无忧51Job-求职招聘找工作
107628,查违章2018官方版-全国车辆违章查询助手
703668,水浒Q传
1000834,捕鱼游戏厅-经典电玩老虎机合集
922868,捕鱼大亨HD-全民街机游戏厅合集
1032574,仙侠世界
712005,冰与火之战--西方魔幻策略手游
721131,国王之剑 –重回英雄无敌年代，经典策略手游
36892,风云天下OL-全民烧脑三国游戏
736421,大奇幻时代：异魔入侵
37335,武林萌主-Q版武侠卡牌手游
731382,梦想之火
533993,天然工坊
40423,必要 - 买大牌制造商产品，上必要
39231,贝贝-我家的特惠商城
708514,守护魔法塔 - 三国策略塔防，跨服保卫主公
37238,云闪付-省钱省心的移动支付管家
39639,猎鹿人2018
1015083,重叠：空间推理
34667,扫描全能王CamScanner
724657,奇迹暗黑-传承经典，顶级享受挂机手游
40001,纳米盒-专为小学生设计的智能点读机
731919,仙侠！这么玩-全民修仙手游
653491,9cam - 随性拍也拍得出海报。
39196,飞贷
39916,智慧树家长版-国内领先的幼儿成长产业云平台
35017,1号店-网上购物超市
36117,聚美优品 - 优选好物，精致生活
1004546,御剑仙侠
971192,捕鱼专家HD-经典街机游戏厅合集
741425,热血战神
1030628,暗黑挂挂挂 - 全新回合制游戏天天挂机打boss！
687755,"嗒嗒 - 实时语音服务,可以赚钱的声讯台"
1032654,CONFIRMED - Sneakers
34594,涨乐财富通-炒股理财就选华泰
737222,福彩刮刮乐
35039,"一嗨租车-你想租的,这里都有!"
633086,帝国王座-崛起
679693,幻灵仙缘 - 全民梦幻语音交友！经典西游回合制MMORPG手游
480314,霸道征途[国际版] - 全民热血PK，组队BOSS怒爆神装
34203,同花顺-炒股、股票
685547,宝宝儿歌游戏
209170,海狐海淘-一键买遍全球官网正品
39721,浙江移动手机营业厅—10086掌上生活
37049,千牛–卖家移动工作台
42149,街机达人捕鱼-经典闯关 正版精品
1033297,雷霆之怒 - 2016最懒挂机放置类手游
1035103,轩辕传奇 - 重回经典1.76版热血世界！
696847,平安浙江
40244,平安好医生-在线咨询挂号购药平台
37865,洋码头-购在全球
509072,"街机电玩城 - 捕鱼,水浒传,森林舞会,飞禽走兽合集万人在线"
1025041,蓝月之巅
991688,街机电玩合集－老虎机捕鱼游戏等
537910,3D娱乐城
718542,幻域修真-御剑飞仙姻缘牵，交友恋爱约貂蝉
894654,血色军团-万人竞技，起义时刻共和国之辉
1033343,主公有埋伏
903067,至尊电玩城-超爽版！疯狂赢钱就是现在！
116804,情咖FM-你的情感语音直播电台
481887,邮政员工自助
619912,召唤师学院 国际版 - 国民竞技LOL手游 对决魔兽军团 唤醒英雄的荣耀灵魂
1025292,PP助手手机版
564184,乱斗堂2 - 二次元回合制动作手游
1014570,草帽军团-海贼无双
668036,我是指挥官-今夏最潮游戏首创超变态COMOXX消除玩法
1004662,最佳阵容联赛版：挑战世界豪门
566678,开心街机捕鱼—完美街机捕鱼上分版，21点，百家乐，欢乐牛牛精品街机电玩合集
1043450,澳门娱乐-21点、百家乐捕鱼游戏
971187,一元夺宝（正版正品）-全民一元购物淘正品神器
1047894,大奇幻时代：黎明曙光
633982,欢乐斗地主-天天大奖赛，经典棋牌游戏
85289,189邮箱-支持多账号收发邮件
724705,仙逆苍穹-玄幻修仙世界，等你来战！
40948,二手车－买车卖车就在人人车
613939,在行一点(原分答)-你的人生攻略
707083,借了吗(官方版)-极速小额贷款，在线申请
689524,"想爱爱-寂陌陌声人约会软件,同城成人交友神器"
623858,"万年历日历－新闻资讯黄历天气,生活必备的热门软件"
515203,觉醒吧魔法塔-塔防策略20年经典三国进化勇士战争友谊的小船永不翻
662366,天翼视讯-电影电视剧综艺直播软件
744729,The Room Two (Asia)
615692,趣头条 - 头条新闻热点资讯阅读平台
37271,百度翻译-外语词典翻译，英语学习必备
573737,掌上TGP-腾讯游戏平台官方移动版
41193,蜜芽宝贝-进口母婴正品特卖商城
1058255,街机游戏厅合集—真人21点扎金花棋牌娱乐城
1033341,雷鸣三国
476330,全民PK挂机
735430,筝灵仙域-刀光剑影江湖梦，踏破仙门尽成空。
1026370,龙之奇迹—3D魔幻纪元全球即时跨服动作手游！
1063688,仙灵幻想3D-首款重度武侠动作手游游戏
679485,帝国王座-文明战争
719736,仙梦奇缘-玄幻修仙梦幻之旅，双修副本强势开启！
645945,Lok&#039;t oga！-力量与荣耀
1028514,"九海神界 - 天天爱修仙,3d玄幻仙侠手游大作！"
729082,"巨龙之怒 - 军团来袭,魂匣英雄熊猫人出击!"
23888,部落冲突 (Clash of Clans)
673515,"合金装甲 - 首款射击竞技手游,3d实景巅峰对决!"
32125,山东移动-您的掌上营业厅
616077,"召唤师学院 for LOL,暗影猎人热血格斗游戏"
34309,熊猫看书-小说离线追书神器
503136,炸金花电玩城-经典掌上游戏厅百人斗牛牛
566904,小小巫妖王-懒人最喜欢的Q版挂机魔兽题材游戏（经典放置类手游）
724866,星际争霸-人族崛起(全民即时战争策略手游)
1064076,棋牌合集-21点牛牛金花棋牌游戏合集
719717,铁血攻城-经典创新3D大作，演绎乱世无双战歌
565839,全民神仙-西游封神大乱斗，二次元免费卡牌手游（送橙卡英雄）
695764,冰之咆哮—骨玉护身千尺寒，玉龙冲霄万里封
721909,塔防三国志3D-官方正版1.4亿玩家期待
414273,Shadow Bug
991590,火拼赢三张-炸金花21点棋牌娱乐游戏厅合集
722500,少年修仙记-新一代热门仙侠力作，体验玄幻修仙情缘
737559,"分贝直播-秀场视频直播,同城交友软件"
1056322,My Little Pony: Puzzle Party
1064050,Dustoff Heli Rescue 2
1032454,部落英雄-决战艾泽拉斯
743180,微软识花
116286,10086-中国移动官方出品
1064101,Flappy Golf 2
38097,搜狗阅读-追书必备有声小说阅读神器
40552,途虎养车－专业汽车保养平台
41165,作业盒子小学学生端
1047950,影音先锋播放器-吉吉影音看片神器
30460,腾讯动漫-二次元漫画平台
1032375,全民传奇 - 热血青春传承经典！
690295,瓜子二手车直卖网-评估交易快捷靠谱
1078944,捕鱼专家OL-经典街机娱乐游戏厅合集
930607,部落英雄-决战黑暗神殿
1076445,永恒星空-异界妖怪少女养成战术手游
1057081,街机电玩城 - 年少激情的掌上游戏
1079641,一元夺宝-全球时尚正品商城，全新购物体验
1059470,王牌中队-坦克战
1071743,武侠情缘之轮回血剑：来生再续西游修仙梦
1056240,轩辕传奇之修仙手游：仙侠动作游戏！
1071742,封神之战热血手游：霸业之英雄的征途！
1054787,蜀山江湖之神魔世界：修真剑侠手持倚天神剑战上古天龙
1059551,热血武侠：剑侠修仙，梦幻情缘！（arpg 动作游戏）
733424,LOOKS - 変漂亮
34057,饥饿鲨 进化
1071745,江湖三国志之传奇英雄风云乱斗：动作游戏
1057259,武侠三国之挂机游戏：格斗大话仙侠世界
1071744,空之女武神之全民二次元2016：射击飞行类卡牌游戏
1068943,骑士消除
379420,Drops：学习29种新语言
890934,智霸九洲 - 万人国战，称霸中原
1037550,仙境纪元-萌Q画风再现RO经典，自动打怪轻松升级
1026367,决战热血沙城 - 大型mmoarpg角色扮演动作新游戏!
738134,永恒幻城 - 拥有开放式战斗系统的魔幻风格手游
39739,英语趣配音-看电影玩配音练口语
36032,大麦-开启你的文娱生活
1070726,出来吧精灵
42753,3D播播VR—3D电影VR视频直播播放器
1063649,神将武魂录——幻想级的3D动作手游
30586,腾讯体育-NBA英超CBA高清直播
38572,宜搜小说-网络文学电子书阅读追更神器
992434,云播神器-网盘云盘视频播放器
1071746,精灵复刻-重置
41452,圈子账本-能共享的记账软件
1017686,Adam Wolfe：黑暗系侦探悬疑题材解谜游戏
1084925,捕鱼大亨OL—街机皮皮捕鱼棋牌电玩城合集
1087073,连斩无双OL - 浮空连斩 炫斗无双！
1070756,猛将三国-王者的崛起
110329,流量银行-能存流量借流量
553333,夫妻那些事(专业版)-两性健康性爱生活必备
700706,来电直播
724292,冷兔快跑-冷笑话正版授权
938573,爱思助手下载免费
694195,多开神器 for 微信-免费版
38624,有利网-安全的P2P平台
37103,返利-专注网购省钱的APP
36244,大姨妈月经期助手-女性生理备孕健康工具社区
215298,全名欢乐扎金花
744202,九州屠龙
1079690,梦幻传奇 - 经典永铸
1078824,皮皮捕鱼-真人街机电玩城棋牌合集
1098343,怪物x联盟2-萌宠收集
1091852,烽火意志
1048035,修仙萌主Ⅱ
38885,集享联盟 - 积分当钱花，多集多享
34022,课后帮-中小学生必备社交app
632940,51万年历
1071357,"传奇1.76-十年经典,热血攻沙巴克"
30881,咪咕阅读-热门小说电子书阅读器
1035113,挂机屠龙 - 国民级超动作RPG策略冒险手游!
1064053,夺塔风暴 - 2016全新回合制冒险手游!
1093780,王者龙城 - 拥有挂机辅助pk助手的动作新游戏
1093777,挂机部落 - 2016休闲娱乐必备手游!
1017845,全民老虎机－经典口袋街机游戏厅合集
733863,王者战舰-还原二战历史，打造海上最强舰队
538693,天天炸金花（娱乐城版）-休闲益智的棋牌游戏，极具掌上电玩城、街机电玩城色彩
1104944,经典电玩城-最嗨最劲爆的街机游戏
651783,万人老虎机-真人水果机
1093837,口袋老虎机-新街机游戏合集
581302,心动劲舞团—久游官方授权手游
731943,赤壁之红颜无双-五虎将，八骠骑，一统魏蜀吴
918247,天下第一刀
974407,暗黑嘿嘿嘿 - 回归经典
41593,广西移动官方客户端
1098357,魔域永恒-全民土豪回合制手游
742550,斗图神器-表情包
1064728,QPlayer - 可以打开网址的播放器
43312,echo回声—潮流音乐生活方式
744429,"街球联盟－纯粹街头,自由篮球"
40792,京东到家-生鲜水果超市药店1小时到家
1047470,快乐捕鱼-欢乐捕鱼街机娱乐城来了
1000835,街机捕鱼经典版－电玩城游戏厅棋牌合集
718390,剑侠蜀门 - 一生不容错过的浪漫武侠手游
602064,欢乐炸金花－天天赢金币
741494,金融汇-掌上原油手机投资神器
1111681,神将三国-决战魏蜀吴
1105673,部落军团-为了部落的荣耀
613615,火拼炸金花-疯狂棋牌百家乐，经典火爆扑克牌游戏
1111041,暴走特战队 - 开创动作射击手游新纪元
682573,老虎机电玩城-加入水果机、老虎机、麻将、的电玩城集合
1105963,老虎机专家-经典街机拉霸777电玩城合集
1111506,无双连斩
40825,四川移动掌上营业厅-省钱又省心的话费流量管家
716322,帝王世纪-经典再现策略战争开启
696086,疯狂动物城犯罪档案: 消失的物件
1098898,天天影视大全-最新高清电影电视剧播放器播放器
740966,追书神器-免费小说
1101538,部落英雄-部落之王的陨落
1110092,"霸业一刀流 - 大型角色扮演动作新游戏,天天行会战！"
1019272,棋牌娱乐城－真人21点百家乐街机游戏厅合集
1117656,最佳阵容HD：问鼎足球冠军联赛
1112997,土豪炸金花OL-真人诈金花口袋棋牌游戏厅合集
736580,唐门传奇-斗罗大陆2小说正版改编手游
216383,天天游戏厅
1117655,烈火霸业-变态1.76经典传奇手游 自由交易赚元宝
1108291,快播播放器QVOD高清影视：宅男装逼午夜神器
33765,云南移动客户端
1110211,我守护的一切-新职业白兰拳力出击
1059543,Mushroom Wars 2
35579,星空 - 让您不再迷失
1104999,永远的呆萌小怪物 (Best Fiends Forever)
549993,手机铃声-免费专业的手机铃声大全，精选高品质手机铃声
1097264,先锋影音播放器
1104952,御剑流-免费顶级送终极装备
1104398,拔刀斩-装备全爆 爆率超高
40199,斗地主-欢乐玩经典癞子斗地主
1072234,PP助手手机版一正版免费苹果应用软件 app
120448,在线求爱
1104953,圣域神话-一起收集你的Q萌斗士
1107337,Drive Ahead! Sports
513433,饥饿鲨：世界
39542,安徽移动手机营业厅
43843,极速浏览器-高速上网新闻小说看视频无广告360度保护安全浏览器
33425,咪咕视频-电视剧综艺直播
749972,捕鱼来了-欢乐无限的娱乐城捕鱼游戏
1123802,天天电玩城HD-全民掌上街机捕鱼游戏厅合集
1109500,掌上电玩城-完美移植的精品街机游戏
1113055,部落英雄-勇士归来重铸荣耀
623210,如故 - 让一见如故更简单
298571,欢乐炸金花 - 诈金花赢三张扑克牌三张牌棋牌游戏
481821,街机电玩捕鱼-多人联网
1120000,一起作业学生-在线作业更高效
1123238,弑天武神-不为成仙，只为红尘等你归来
687908,《皇家起义 2》(Royal Revolt 2)
1041500,天天打恶魔-可24小时离线挂机手游
1102275,江湖豪侠传-快节奏角色扮演武侠手游
1004211,赏金猎人-新人四皇
1104951,大千世界-快节奏半即时战斗动作手游
40547,托马斯和朋友：快跑，托马斯！
218261,水果机电玩城-经典街机游戏厅
597510,傲世战魂-万人PK，登陆就送1888元宝大礼
1064096,先锋影音-吉吉影音播放器西瓜下载
1105728,宝贝计划-进化萌宠
1108186,Trolls: Crazy Party Forest!
629148,破天战神-登陆送屠龙神器，谱写你的热血传奇人生
1077031,部落争霸-史上最震撼挂机手机游戏
1062222,太阴仙帝-国战巨作 语音撩妹共闯仙魔战场
711677,青云斩妖记 - 自由PK爆神装，玄幻修仙唯美ARPG手游
37684,飞凡-逛见喜欢
1112998,经典•炸金花-21点诈金花棋牌娱乐电玩城合集
664453,部落军团
1117630,街机电玩城 - 好玩的精品街机游戏
1093794,暗黑猎人 - 2016全新免费萌系卡牌游戏!
1114860,暗黑传奇OL
1087988,暗黑挂挂挂-经典回归
741016,烈火永生
712206,大话奇缘-回合经典策略仙侠手游！
119332,一比分体育-足球比分赛事中超西甲NBA新闻直播
640319,掌上炸金花
699386,征途霸业
1111663,天英战士-初号机觉醒！
205414,大角虫漫画
1064106,大千世界-年度最热玄幻角色扮演手游
635779,霸道私服HD 1.76自动任务版 - 拥有传世助手辅助挂机PK的武侠动作游戏，送王者荣耀之剑卡牌套装！
1122714,剑仙情缘-热血武侠修仙3D动作手游网游
1035216,恶魔果实-策略卡牌战斗手游
42764,魔与道-经典五行潜能玩法的免费复古像素修真回合制策略手
1057261,热血屠龙-传奇霸业永恒手游！
894664,精灵的世界-绝对畅快的战斗
646836,开天怒斩
203323,至尊捕鱼
1132337,最佳阵容大师版：策略足球游戏
1129594,3D捕鱼-经典街机打鱼电玩版
1117647,电玩老虎机-经典口袋街机游戏厅合集
465726,UC头条-专业的新闻资讯阅读平台
679448,帝国王座-征服之战
1105369,陌秀直播-全民娱乐直播秀场
701586,欢乐斗地主：一亿人在线，国民最喜爱的斗地主游戏
1101537,王城荣耀 - 大型帮战，王城争霸共享荣耀！
1101462,青云战纪 - 全新角色扮演仙侠手游！
1093917,猎人传说 - 全新动漫画策略卡牌手游!
222207,一元定夺 
629519,逗趣直播
625956,神魔斩-自由交易，唯美情缘玄幻双修，万人同屏在线热血PK!
493087,皇家电玩城-万人老虎机炸金花斗牛经典街机游戏大全
922835,超级经纪人-全新娱乐圈题材明星手游
1115465,西瓜影音播放器一先锋吉吉看片神器!
1105677,武林群英传-经典热血武侠动作手游
1123723,圣战之光-回合制RPG
1104005,苍穹剑仙-热血修仙动作3D手游网游
679226,"附近陌约-快速约见面,探探同城寂陌陌声人搭讪聊天交友神器"
41695,书旗免费小说-阅读电子书小说下载阅读器，必备追书神器
599981,壁纸 ： 高清手机主题桌面动态墙纸
676577,连斩无双 - 浮空连斩 炫斗无双(真三国，最无双)
1140008,街机电玩城 - 最劲爆的掌上电玩城嗨不停
1135428,银河争霸 - 超越星辰
89307,天翼云盘
721103,军团再临—燃烧军团的复仇
39320,悦动圈-跑步计步领运动红包
718870,梦幻口袋 - 横版回合制手游，西游rpg卡牌养成游戏
703148,传奇私服-沙城争霸，千人同屏，热血青春传奇再续，强势回归1.76版本！
1135442,战争学院 - 前往要塞歃血为盟
582888,塔防三国志-最烧脑的三国策略塔防游戏，武神赵云vs武霸吕布伴你一统三国
1093804,孔明滚出去-次日送关羽
1103524,男衣库精选-致力于提升中国男人穿衣品味
250421,12580和生活
1025143,梦想直播
737899,假日游戏
35535,浦发手机银行
735523,封天妖神
37023,工商银行通用U盾
1110882,微信分身版：多开宝多账号双开微商助手神器
1099779,古墓仙缘-古装恋爱修仙手游
1135296,疯狂老虎机HD—澳门真人拉霸经典街机游戏厅合集
42834,皇冠炸金花-技巧性快乐扎金花，全民棋牌攻略赢三张游戏（土豪版）
1142726,最佳阵容西甲版：足球经理游戏
1140219,不良人2-幻音秘境
1135415,剑侠神域-光武神兵开放，登录即送！
679316,楚汉传奇-自由交易，跨服PK爆神装，BOSS全掉落，攻城掠地称霸天下。
1144539,封神英雄榜-登录送杨戬、哪吒
116128,21财经 - 掌握全球财经脉搏
514112,今特价
195647,快钱钱包
1135345,咖秘
1141950,我们的传奇-正版经典传奇手机游戏（免费送屠龙）
1142720,万人炸金花-欢乐拼三张
112505,360搜索-SO靠谱
1145978,召唤师传奇 – 符文战争上演超神奇迹，联盟争霸就此开始！
1111670,快播播放器影音最新先锋版
33002,懒人听书-热门有声小说电台广播社区
40427,大行情-股市行情智能解析
114181,招联金融—纯线上信用贷款平台
214255,小花钱包-极速现金借款平台
497041,信而富-纽交所上市良心低息借款APP
1093680,经典版街机捕鱼-超级电玩游戏厅合集
1078900,疯狂原始人-登录即送机暴
1105675,帝国Ⅱ-全民战争
1151606,不二连斩HD-手游风云榜扛鼎之作！
1145514,闪聊 - 聊天还能领红包
484269,大圣OL-正版授权动作塔防巅峰大作
1066863,北凉悍刀行
460760,河南日报
35006,百度文库-专属便携资料库&amp;私人知识管家
186581,畅读书城
1141204,Uber优步中国
660029,大唐麻将
1154112,PinOut!
1145897,"Zombie Anarchy ™: Strategy, War &amp; Survival"
1093781,帝国2-战争的启示
495475,大圣归来OL-妖神觉醒 王者归来
467448,炸金花之飘三叶
1154176,神将三国-魏蜀吴名将大乱斗
722915,你好三国-少年三国志 策略卡牌游戏
1140221,戮仙纪-即时语音交友，野外随时PK！
1153489,迅雷网盘搜索神器XMagnetic Searcher-午夜高清看片成人直播交友约爱
1153363,仙侠战纪—超过45%女性玩家的选择
144237,Sonic CD
35408,南方航空应用
670716,少年剑心OL-超人气热血动漫画卡牌RPG角色扮演养成手游
1144089,蜀山剑仙
35422,ZAKER - 扎客新闻 时事头条与本地热点资讯
1158627,"屠龙无双 - 传承经典,热血回归!"
1140305,街机捕鱼电玩城-街机娱乐棋牌游戏厅合集
1140340,掌上电玩城 - 经典刺激的街机玩法
1131391,老虎机大全-完美街机移植
1162901,最无双HD-月光宝盒带你穿越时空！
1135413,剑侠奇缘-情怀依旧，你与我的掌上世界！
1153262,疯狂坦克-连击N次方
1147934,仙侠外传-天天与萌妹组队轻松游戏
1152681,爱心推手2
220288,快看漫画——全都超好看高清全彩免费最值得拥有的漫画神器
1064656,SkillTwins Football Game
34696,天气预报
36847,InstaSize 美易照片编辑: 图片&amp;视频制作工具
733905,神马影视大全-最新电影 电视剧
204235,偶扑 - 中国最大的粉丝应援互动平台
1111076,360手机助手苹果版一免费应用游戏软件.
202284,Stupid Zombies 3
554574,万人老虎机-街机合集版
1017842,经典街机捕鱼-全民娱乐电玩游戏厅合集
1140307,"经典电玩城 - 原版街机游戏经典重现,玩的畅快"
1161090,神将三国-吞食天地一骑当千
1168160,紫马理财-最可靠的投资理财工具
1145975,想美—教你美妆护肤穿搭贴士的社区
475467,捕鱼传奇 
1140423,精灵进化-萌宠来袭次元大冒险
718608,狸米学习-小学数学同步练习与口算速算
1134604,妖神战记
42839,万人老虎机
1147935,坦克大战-装甲雄狮
1113054,机甲战争-使徒入侵
1122729,暗黑天堂-史上最火辣策略手游
701173,"兽人崛起-首款40人团队副本MMORPG手游,体验公会开荒的乐趣与荣耀！"
1160579,武皇-真ARPG修仙
638594,"全民街机--21点,百家乐,水浒传,李逵劈鱼等电玩街机游戏合集"
1043451,捕鱼合集-真人街机电玩游戏厅
1158573,裁决天下 - 激情pk重铸国战辉煌!
1141057,风暴战场 - 风暴英雄集结号!
1151942,皇家老虎机－澳门水果拉霸角子机大全
1173413,点爆那神域 - 国民经典mmoarpg角色扮演手游
35634,航旅纵横-官方航班动态、手机值机、机票
277341,car2go
1140388,挖矿大冒险-首款挂机交友二次元游戏
35267,光大银行手机银行
617702,御龙三国志OL-少年群英志在一统三国，横扫魏蜀吴
1043457,琼崖海南麻将
34643,挖财记账-智能记账软件
1154102,撩妹日记
