1143952,西游捉妖记-大圣降妖策略手游
935106,足坛大师-第一足球经理巨作
857030,不思议迷宫（G&amp;D）
1203042,汉家江湖
1115251,主宰苍穹-英雄觉醒，大杀四方
9185,Analog Paris (模拟巴黎)
6681,杀手：狙击 (Hitman Sniper)
1191777,决斗之城-怪兽之决斗
667236,凤凰新闻(专业版)-全球华人阅读新闻资讯平台
7158,永不言弃！！
1199024,雪鹰领主2-国民级修仙玄幻手游大作
3225,Plague Inc. (瘟疫公司)
269128,荒岛求生-首款荒野求生冒险游戏
290,我的世界
1065477,可以这很冒险-简单有趣的漫风放置手游
1755,扫描全能王付费版
462852,地下城堡2: 黑暗觉醒
465740,指纹相册 - 隐私照片视频锁加密保险箱
1183359,暗黑崛起-最热门暗黑系列手游！
1202068,Olli by Tinrocket
272135,火柴人联盟2：带上翅膀飞
5762,国家地理 - 每日精选 (美图、壁纸)
993911,战鼓之魂-燃爆指尖的音乐节奏冒险RPG
1329,Doodle Jump
994784,抢红包外挂神器苹果版app
7711,Analog Tokyo (模拟东京)
192485,一言-记录字句，发现共鸣
315,纪念碑谷
1639,随手记（专业版）-好用的记账工具
1004377,WiFi密码查看器-周边Wi-Fi一网打尽
1126967,大唐降妖记2-登录送万元礼包
759016,colorow - 自然。
6121,Forest 专注森林
4258,Facetune
4992,地狱边境 (LIMBO)
505222,全城封锁
1202163,仙戮苍穹-3D热血仙侠动作手游！
1137083,双子 Gemini
501962,NBA 2K17
10325,贪婪洞窟(The Greedy Cave)
1090969,心动女友：视频恋爱养成游戏
7208,中文填字游戏 - 纯净版
5498,航旅纵横PRO-官方航班动态、手机值机、机票
7179,世界2-魔物狩猎
941475,坦克大战2017豪华升级版
8606,奇幻射击2
5112,Deemo
1197686,死亡日记2 - 索菲亚资料篇
10288,说剑The Swords
1118203,蛮荒日记 - 首款单机石器求生冒险游戏
1087903,单机群英传3 经典三国策略手游
7107,Enlight
804259,暴击英雄：年度最佳卷轴闯关手游
4803,汇声绘影
7556,同花顺至尊版
1058114,WiFi密码查看神器-周边免费Wi-Fi一键显示
403745,免费铃声下载-手机铃声免费下载一键设置，手机彩铃酷音铃声多多
1170713,Toca Life: Hospital
7166,ShadowRocket
477948,Wingy-免费版vpn客户端 for shadowsocks &amp; shadowrocket
8691,Don&#039;t Starve: Pocket Edition
941483,WiFi密码查看工具-周边免费Wi-Fi一键浏览神器
198,THE KING OF FIGHTERS &#039;97
7254,初级护师考试题库 2018新版
43490,人生必读经典读物 - 最全的必看书籍人性的弱点，孔子孟子菜根谭等
42025,无线卫士
1129340,全民钓鱼3D：经典捕鱼大海钓鱼手游
6597,色影 - 1000个滤镜
208834,求生无限 - 无限流生存挑战大冒险
9056,hocus.
6643,地下城堡: 炼金术师的魔幻之旅
2350,鳄鱼小顽皮爱洗澡
10075,武林群侠传—经典单机武侠RPG
415906,51公积金管家-公积金社保征信查询，房贷计算器
3476,Camera360概念版 - HelloCamera
1042895,英雄无敌三死亡阴影-魔法冒险单机挂机游戏
2922,Ski Safari
1203668,WiFi管家—手机安全连Wi-Fi的上网钥匙
8112,Never Gone-纯正暗黑动作格斗游戏
63050,美食梦物语
858165,GPS修改定位器-发位置到朋友圈的定位神器
686733,城堡传说-自由探索冒险单机RPG游戏
2744,Cytus
1161916,PG Game
8733,死亡日记-首款末日求生游戏
43906,Analog London (模拟伦敦)
10625,天天夺宝（Pro版）
179296,Chameleon Run
269335,LightX
3707,51信用卡管家Pro
1545,慢快门相机 (Slow Shutter Cam)
43908,Analog Budapest
456184,王权 (Reigns)
9765,雨时
822302,gps朋友圈定位修改-发朋友圈定位神器
1177211,夜听 - 晚上十点刘筱向您问好
1806,Age of Zombies™
3589,爱丽丝快跑
5560,Fonta - Little Design Studio
4085,家园7：雪城增强版
1175049,圣光守护-17年全新独创魔法手牌游戏
1186716,割据天下-三国策略国战游戏
1199413,兽人永不为奴—决战艾泽拉斯！
427098,PP弹
166750,Can you get 11 - Simple fun puzzle free game
1210923,神界大陆-唯美奇幻国战手游
1197594,街机三国战记-经典动作策略志游戏移动版
1204730,唐门外传-充值即领绝版马小桃
270456,"自动证件照 - 智能证件照相机美图美颜编辑,制作学生证件照"
4380,Geometry Dash
141175,西窗烛 - 品味中国诗词之美
1071813,航海士:开放世界航海单机游戏
5444,新概念英语2018最新版-英美全四册
894922,LDSS Shadowsocks-不限流量科学上网vpn和抓包工具
170886,未来战争：重生
1807,AVPlayer
1211733,街机三国志3D-热血英雄传奇
1202632,阴阳三国：唯美和风 连击无双
6305,刺客信条：本色
1132110,金十数据 (专业版)-财经头条比新闻更快的新闻
410293,法律大全 - 中国法律最好的法律参考书籍
921715,梨视频（专业版）—全球领先的短视频平台
500571,武林群侠传2—经典单机武侠RPG
6472,华尔街见闻（专业版）-全球财经新闻精选
1165369,崩坏仙境-梦幻3D仙侠手游
1212779,魔域沙城-决战前夕全服国战掌控战场
1211077,玄天战魂-刀剑生涯，血洗江湖路！
1206446,电玩大师-炸金花等真人棋牌合集
9504,东方新世界
1207731,乱世风云-三国群雄巅峰云集
1197579,好耍炸金花-超爽斗地主棋牌合集
1214622,大秦无双霸业-最热策略国战手游
1212673,英雄世界- 真实地下城探险ARPG动作手游
1210486,英雄无敌Ⅲ死亡阴影-经典的战棋单机游戏
1211617,屠龙战—血战仙魔三界 择天传说战记
1213070,水浒风云录-热血梁山缔造传奇
3852,aTimeLogger 2 - 私人时间记录仪&amp;时间表
1482,名片全能王Pro
1128065,初级护师考试最全题库 2017最新真题解析
7520,主管护师考试题库 2018最新
1214867,Lethe-忘却之声
1210522,SleepTown
1214484,进击的少女：点爆次元壁（送saber）
1191774,黑暗之光-纯正黑暗动作格斗ARPG手游
1213004,锦绣三国-HD
4648,Construction Simulator 2014
1164092,忍者大师：最燃动漫RPG单机游戏
7029,辐射岛
8918,熊猫博士消防队
443179,事业单位A类B类C类D类E类题库 2018最新
1206329,梦幻宫廷 - 暖暖女生最爱手游
186172,时间块 - 快速记录时间规划日程安排
828603,逆袭吧少年-恋爱养成手游
1199375,封神情缘—热门3D幻想卡牌手游
1218797,梦幻神域-掌控神界之门我命由我不由天
1167514,三国赵云传-演绎群雄争霸
1218769,梦想世界-问天下谁是英雄
1216477,全民格斗挂机版-休闲好玩放置挂机手游
1189298,屠龙挂机-万人攻城决战一触即发
1210785,玄剑弑天-热血武林，决胜九华之巅！
9862,奔跑吧兄弟3-撕名牌大战（官方正版）
977194,古剑封天-经典全民修仙手游
79526,功夫大师-小龙
1215812,开挂呀主公 - 一言不合秒全场挂机送神将
185559,"再西游-大圣归来,再寻玄奘!"
219008,熊猫博士赛车手
4281,熊猫博士超市
416093,熊猫博士农场
6320,胡帕城市
175722,熊猫博士学校
6897,熊猫博士游泳池
1185439,DISTRAINT: Pocket Pixel Horror
4695,7分钟锻炼法
1077173,我一点都不可口
1087691,择妖记 －首款快节奏Q版回合手游
1214198,剑武乾坤-浪漫国风仙侠ARPG情怀之作
1213984,倚天侠客行-主宰江湖，谁与争锋
890195,问剑情缘-仙侠题材的语音交友游戏
1174866,幻姬骑士团
470955,使徒幻想-史上最强动漫召唤师大乱斗
812396,一元购物-1元口袋零钱夺宝大咖
8183,熊猫博士游太空
971540,地牢防御 : 勇士的侵入
1217996,决斗学院-2017最经典决斗卡牌手游
7791,疯狂番茄: 番茄工作法 + 任务管理
7219,同步音律喵赛克
1220934,屠龙荣耀OL-热血沙巴克传奇手游
8097,聚爆Implosion
1197781,朗读者 - 大型文化情感类节目
1210555,WiFi无线网万能钥匙 - 查看附近Wi-Fi密码
1222430,剑网情缘-2017全新武侠大作热门奇幻手游
1069269,朕的地盘-三国卡牌策略游戏
1200242,封神主宰
1223810,幻想神域-正版唯美奇幻ARPG动作手游
10188,亡灵杀手：夏侯惇外传
1217874,暴走少女-日系二次元萌系卡牌手游
1178759,特勤姬甲队
1221989,"三国英雄战纪-无双传奇,真英雄"
1218226,江湖小风月-后宫收集养成手游
118277,Cut the Rope: Time Travel (切绳子：*时间旅行)
1162526,小米超神-5v5开黑策略moba手游
4123,仙剑奇侠传1 DOS怀旧版
1213003,屠龙传奇 - 贪玩蓝月新作·经典依旧
1212448,YY影视大全-电影电视剧影视大全和4K VR播放器
1129982,斗苍穹-新派中国风ARPG仙侠巨献
1224981,试道王者-面对面自由交易尽在唯美五行回合手游
2231,北京浮生记
752647,一日情侣~Single Day Couple~
1224245,荣耀传说-自由交易全新体验
1226079,龙族世界-真实地下城冒险ARPG动作手游
1203465,大富豪娱乐城-高回报老虎机街机游戏厅
1215038,万炮捕鱼游戏厅-电玩城街机竞技场打鱼王者的天下！
1222107,千古神王-自在武侠，逍遥江湖
1144418,我是大主宰-少年成神之路
1187212,魔兽英雄传-大型3D回合争霸动作游戏
1227507,诛仙情缘-全民仙侠，争夺最强宝座！
1207754,捕鱼掌门人-捕鱼大亨们最爱的经典捕鱼
86830,萌娘战姬
461019,城市先锋
1227911,暗黑斗战神-正统暗黑动作手游
1227676,仙灵幻想-热门唯美奇幻ARPG动作手游
1204089,唐门传说-经典剧情原著改编的玄幻手游
1213177,帝国崛起-重铸你的时代
1111885,佛本亦道-梦入昆仑墟
8028,万物生长：一株植物的奇妙旅程
1225998,去月球-To the Moon
97787,诸神之战
278685,逆战仙魔 大圣萌仙全民跨服千人即时PK
1225103,大剑侠-2017自由组队策略回合制新传奇
68117,萌少女战士
1213092,传奇手游3D刀刀烈火 - 最新热血经典1.76！
1228978,魔兽传奇HD-经典再现热血国战史诗级动作手游
1226073,霸统三国-乱世争霸，万人团战
1225440,风之旅团-无职业不锁定团战手游
1066017,射雕风云传-2017经典武侠卡牌RPG手游
1213959,醉剑逍遥-2017年热门仙侠手游
1227885,冒险奇兵-最好玩的魔幻塔防RPG手游
7287,Agent A - 伪装游戏
278585,江湖风云录-超自由武侠剧情角色扮演手游
1227587,唐门-首充即领绝版伙伴和至尊神器
5961,AirAttack 2
158,水果忍者 - 经典版
956130,梦江湖.单机：皇图霸业谈笑间，不胜人生一场醉
1173612,剑道独尊-传承奇迹经典书写PK传奇手游
981059,墨武OL-3D武侠扛鼎大作 一个角色六种体验
1229706,倚天-屠龙争霸天下，一统江山
1231442,萌战无双-进击的萌娘大作战
1152882,苍穹志：新派修仙ARPG手游
1226055,争霸三国-自由国战
1231432,勇者传说-掌控神界之门我命由我不由天
1228395,热血x格斗3D最新手游 - 动作格斗游戏！
1231443,意大利百家乐+
1227917,幻仙情缘-苍穹之下，逆势择天
1229808,赤月法典-择天问道成就史诗级MMORPG
1227500,黎明召唤-登录即领VIP6和史诗魔神
1065766,Picsew - 长截图和长图拼接
1222439,权倾三国-最佳APP推荐
1149646,猎魔纪元-巅峰大型魔幻ARPG手游！
1226632,决斗王国-经典重现，怪兽竞技
1179552,大唐西游传奇 - 第三代回合制手游开山之作
1126681,逐鹿三国志HD
8014,世界征服者3
7628,Battle Supremacy: Evolution
43387,人生必读100本经典书籍
7180,三国龙翔传-激战与谋略
1233791,魔灵契约--热血3D魔幻MMO回合手游
1235312,三国志：卧龙传奇-制霸天下
10618,"塔罗牌占卜-免费塔罗运势事业占卜,解密塔罗牌"
876,今日头条(专业版)
7420,Transistor
9955,时空旅途 - IndiePlay最佳移动游戏提名
8099,Lifeline (生命线)
1236358,英雄契约-大型冒险国战ARPG动作手游
1212030,傲剑如梦-刀光剑影，潇洒闯江湖！
1230120,无极仙侠-王者神话成就永恒荣耀
1236355,血战长空-3D空战策略手游
1188588,"Addy: add text to photos, edit pictures with words"
10168,元素之刃: 暗黑新纪元
2573,飞常准Pro
7741,封神来了－首款快节奏Q版回合手游
84853,怒火雷霆HD——经典全民打飞机游戏
1239977,意大利百家乐-百家乐助手
1239057,Beholder
1205055,滚蛋吧僵尸
1183564,主宰乾坤-实时多人在线PK手游！
1217280,精灵道馆-全球巅峰对决
1224708,冰与火之战 大型魔幻动作冒险游戏
267874,乐秀专业版 - 视频制作和视频剪辑神器
1241652,王者归来-热门唯美奇幻ARPG动作手游
1230542,唐门无双-热门梦幻仙侠回合制手游
476824,街机格斗-火柴人
196858,全员加速中(官方正版)
1237377,三国棋侠传 - 正统战棋手游送绝版紫将
1225595,水浒传-风云江湖谁主沉浮
756472,主公帮帮忙-脑洞大开的魔性三国策略手游
1197052,秒抢红包外挂助手神器苹果版app
1243068,PG Game 2
1240460,Things 3
1241559,冒险奇兵-经典奇幻冒险塔防手游
1240701,绝世战祖-正统中国风仙侠动作手游
38784,infltr - 无限滤镜
279246,地下妹妹 - 2016口袋私房，网络新游戏！
968685,武侠风云录
1239890,决斗王-发掘千年积木的力量
1215176,GirlsCam－少女心滤镜相机
5052,回声迷踪
1226374,Miles &amp; Kilo
1183126,意大利百家乐-百家乐教学
78526,说话技巧 
1245876,末日之战-克隆人VS丧尸危机
1191044,梦幻情缘-青春岁月里的动作经典
1244708,三国志霸业-超写实3D三国时代
4461,Glitché
1088812,三国歪挂：混服战
1244343,口袋暗黑单机游戏-最佳RPG角色扮演放置冒险游戏
1234737,万剑斩仙  正统仙侠手游 (跨服团战&amp;结婚）
5527,Shadowmatic
7649,Lumino City
1204217,江湖大掌鬥-好兄弟，战天下！
2456,机械迷城 (Machinarium)
478553,银河历险记3 (Samorost 3)
1004232,英雄西游传奇-伏妖降魔传
1244780,仙域尘缘-2017经典唯美仙侠动作手游
3047,战神之怒
1237444,噩梦神归来-最经典的宠物对战手游
1247840,帝国王座-王者归来热血国战手游
1229097,乌木剑圣-角色扮演巅峰之作
486026,迷失岛
694382,迷你地铁
1247111,暴走少女：点爆次元壁（送saber）
6041,植物精灵 (Botanicula)
5733,宜搜小说-最新最快最热追书必备
1241445,电动打鱼-超级好玩的街机打鱼游戏厅
906817,Don&#039;t Starve: Shipwrecked
1249217,机霸无双-首款全球同服卡牌国战手游
7934,米皮大冒险：梦境
266644,Never Alone: Ki Edition
722927,永无止境
1253662,传奇英雄酷跑
3356,BADLAND
1029188,我的後宮計劃——首款戀愛養成類手遊
6225,小小建筑工人
266565,Human Resource Machine
1243951,萌仙群侠传-绿色仙侠策略回合制手游
1201947,真三国志-群英战天下 吞食天地
6998,Bean Dreams
1170328,Sago Mini 故事城
6746,Star Walk Kids - 天文学的孩子们
881192,雨纪
5553,超凡蜘蛛侠2
1253807,剑御九天-最新3DARPG动作修真手游
1247110,风暴之怒-年度热门史诗魔幻动作手游
1255582,剑意修真-热血武侠十倍爆率！
1241484,三国志：吕布传奇-三国争霸风云再起
1201203,烈焰挂机-宝刀屠龙谁与争锋
58356,疯狂夜店
1248621,黑暗力量
9151,Super Sharp
751117,Bloons Supermonkey 2
588615,NAMOO 纳木 - 植物界的奇迹
1056534,最后一步——魔幻生存单机roguelike
1025857,点燃火炬
1252458,Goat Simulator PAYDAY
1256453,斗破仙途-玄幻修仙2017热门战斗手游
7459,Alto&#039;s Adventure
1248832,唐门天下-首充即领绝版马小桃
801292,诗云
5642,Card Wars -探險活寶
1204934,永恒霸业-76经典完美复古再铸热血兄弟
1255440,土匪三国-就是很好玩
1228389,妖怪来了-送虎皮装
1152920,悟空西游传 - 2017最热策略回合制
1260739,数码大冒险-经典宠物养成对战手游
1253034,无双名将-全写实国民级群雄炫斗手游
1262834,魔法门之末日之刃-卡牌挂机策略游戏
1263468,剑雨逍遥HD-致敬经典全球爆款动作手游
1264067,泰利的迷雾森林：最新策略经典手游
1004922,魔法小精灵-gba经典养成游戏
1187532,问鼎-大战三百回合
1263728,三国时代之塔防无双
1212994,大秦帝国风云录-创意挂机手游
1172702,我的小弟叫嬴政-成就霸业，一统天下
1263730,烈焰屠龙 - 传奇霸业变态版-3D挂机
1247109,小小消防站
1268923,王者苍穹-大型即时动作魔幻ARPG手游
1257994,帝王传奇-打造自己的帝国军团
784343,星河舰队 - 虫族母巢觉醒，人族整装待发！
1255563,瓜瓜播放器-迅雷西瓜磁力快播影音先锋播放器
1267153,魔灵召唤师-少年魔导士的崛起
1262377,塔防三国志2-经典策略养成塔防游戏
1243224,热血苍穹-跨服激战
1242724,三国志：赵云传奇-国战策略游戏
1265873,赤月屠龙-碎屏PK秒爆神装！
9416,Cut the Rope: Magic GOLD
1228913,AE特效教程 - 视频剪辑影视特效制作
1270675,纪念碑谷2
1270044,魔灵契约-华丽魔幻社交MMO手游
1256042,全民仙剑  多人互动ARPG仙侠网游
1270391,回忆之旅
1216003,Raytrace
1221718,神兽无双-萌宠进化の一番
1211296,文明5·时代复兴 - 帝国战争策略游戏
1271675,幻灵仙境-经典古风仙侠RPG手游
1225603,抢红包外挂作弊神器
1269796,关羽战悟空-经典西游乱斗三国卡牌手游
3291,东方财富领先版-财经资讯&amp;股票开户
8066,霸王卧龙传
1247658,三国志群英传-争霸群雄 横扫千军
1252386,精灵世界ol动漫 - 全民梦幻仙域传说手游版！
1186976,决战龙城3D传奇 - 热血世界屠龙天下手游版！
1106297,梦幻修仙-三生情缘，三世渡劫！
1264065,唐门风云-零负担策略回合制手游
1272394,乱斗英雄：英雄对决
1243967,仙缘曲-大型即时动作魔幻ARPG手游
1270677,幻灵仙境-时下热门唯美奇幻ARPG动作手游
1224250,择天传纪-2017最精品仙侠动作大型手游
1256992,王者捕鱼-好玩到不行的捕鱼游戏
1119325,奇幻精灵之旅：我的魔法宠物养成
1275908,侠客风云传-武侠梦开始的地方
475228,灵剑诀-热血梦幻仙侠手游，手握神剑激战群魔
1192135,天天打boss（传奇手游）经典霸业世界！
1180207,末日求生 - 死亡日记特别版
1256044,仙魔道  仙侠类跨服PVP手游巨作
1271912,水浒传108将-集水浒英豪圆儿时旧梦
80033,Evoland
1276229,阴阳三国志：挂机战
1276225,冷战风云-海陆空模拟现代战斗游戏
1272129,捉妖计
1274417,烈火传奇-英雄斗战神传说
1276721,恋姬无双-名将列传
1272963,三国棋侠 - 正统战棋3d手游送绝版紫将
1276822,大航海纪元 - 全球同服冒险策略手游
1212803,皓月屠龙-屠龙一战统天下
79237,阿斯特拉
1222409,权御三国热血版-大型三国策略手游
1162516,帝国x罗马复兴ol文明 - 经典策略游戏
1262769,烈火屠龙ol传奇 - 最新争霸天下世界手游！
1272213,月影传说-3DARPG武侠动作革新手游！
1249750,剑意倾城-创新武侠登录送橙装
1277529,王者纪元-致敬经典全球爆款动作手游
1273494,战火奇兵-重现帝国荣耀之战
1265879,三国卧龙吟-独战群雄一起征战沙场
1277861,三国有妖气-史上最掉节操的乱斗卡牌游戏
1276824,数码大乱斗-究极进化养成手游
1257069,Keep夜跑
1254647,唐门世界-经典策略回合制手游
1280252,修真世界-万人仙盟攻城战！
1277341,不良人2鬼王重生-（正版）第四季不良帅之龙泉剑的秘密
78878,Tallowmere
1249564,无尽贪吃蛇
1250147,消灭骰子-无广告官方正版经典单机
1266777,PP弹-升级版弹珠打砖块专制无聊
1270710,十字合成- 经典十字消除合成版
1252456,动物大逃亡-小动物跑酷大考验
1091435,pocus.
1195216,WiFi钥匙专业版
1283502,永恒传说-王者归来热血国战手游
1282896,FRAMED 2 - 致命框架 2
1266577,唐门外传-百种魂师宗门对决！
1280600,幻想世界-王者手游:传说级动作手游
1262744,挂机坦克大战:共和国光辉
1276452,传奇霸者-上线不服就干
1186717,兵临城下-全新挂机三国攻城策略手游
1286376,契约之剑-正统西方魔幻多人国战手游
941360,兵者
1283309,青丘狐之恋-三生三世情未了
1283349,土豪传奇-热血私服大神带队去烧猪
1238587,龙魂战役-全新3D魔幻永恒巅峰动作手游
1276419,格斗游戏x英雄大作战 - 超人联盟最新手游！
1282879,战斗吧女神：手速拯救世界
1283085,十万个大乱斗HD-最奇葩恶搞穿越手游
1274704,Dead Age
1140836,神奇数码世界 - 经典原版数码超进化
6397,FRAMED
1028352,Hidden Folks
1284885,斗破飞仙-全新坐骑 仙盟对决
1284063,Toca Lab: Plants
1282369,Poly Bridge
1264561,无双主宰-2017最火爆3D玄幻卡牌手游
1282910,决战沙城——2017最新热血私服传奇手游
1281413,骑砍与攻城：风云再起战三国
1281405,百怪千奇野兽园 - Tinybop出品
1052403,WiFi密码钥匙 - 无线网wifi一键连接
1273464,莽荒诀-混沌修仙力作 三世情缘开启
1291119,幻想学园-情侣恋爱冒险社交手游
1282067,咚嗒嗒部落-像素番薯人大作战！
1265358,秒抢红包神器外挂助手苹果版app
1284322,英雄无敌3死亡阴影-大型单机挂机游戏
1292736,合金装甲-大型军事战争策略游戏
81436,Ys Chronicles 1
5660,合战忍者村物语
1270542,侵略Invasion-3D大型科幻星际策略沙盒游戏
1174176,商店英雄(Shop Heroes) - VGA最佳跨平台游戏
6934,The Room Three
8091,This War of Mine
1264124,Palette Paris（梦幻巴黎）
1262527,Palette Nara
1271387,青云剑侠传-全新玄幻中国风ARPG网络手游
1290466,坦克：挂机大战
1286464,御龙三国-大型国战无双手游
1295957,挂机群侠传-经典武侠放置手游（官方正版）
1294429,熊猫博士小火车
1294174,战争游戏-全面冲突
1286787,Palette Summer （清涼夏日）
806448,莎莉之定律
1290235,永恒魔域-3D魔幻巅峰对决热血手游
1290716,凡人修神录-跨服帮派竞技手游！
1290924,剑灵世界-凡人修仙热门诛神动作手游
1273271,英雄的纷争-至强策略沙盘对决手游
1283354,小小三国录-2017年度最萌卡牌策略手游
1173067,三国霸业-最新三国策略竞技手游
1290565,五虎上将-可能是最好玩的三国手游
1175279,进击吧小精灵  2017进化养成RPG手游!
1294306,Cubiques
1285650,圣魔大陆-巅峰对决
1301526,黑暗传奇纪元-魔域战争公会争霸火热开启
1301380,莽荒传说-蛮荒纪新版策略手游
1004233,悟空战吕布-新纪元乱斗仙侠卡牌手游
1299980,决斗怪兽-完美复刻国民动漫
1295146,夺塔奇兵-攻城国战热血塔防游戏
1294833,武侠挂机传-武侠RPG生存类单机游戏
1233362,群英三国-霸王大业
86329,牛股学校
279339,修罗真仙传--（一部可以修真的传奇）王城争霸
1302399,九黎
1266193,凤凰视频(专业版)-有料的军事·新闻·娱乐短视频
1303492,长生劫-盗墓长生印
8616,BADLAND 2
5311,ProCam 5
1195286,超神塔防-自由操作打造专属塔防GDP
1304664,西游封神传 - 经典挂机回合制手游
1264408,Palette Tiffany （パレット  ティファニー）
1303086,Palette HK （胶片香港）
1195199,斗仙传奇 - 侠风剑客玄幻修仙手游
1290246,至尊魔刀-碎屏PK秒爆神装！
1304662,无双三国-创新动作卡牌手游
1301936,勇者纪元-全新唯美魔幻风ARPG手游
1273014,幻剑奇缘-MMO唯美风修真ARPG手游
1304661,全球策略战争-全球即时3D在线军事策略SLG
1262791,黄金捕鱼-HIGH到不行的捕鱼游戏
1305580,梦幻仙境-大型在线网络修仙手游
1267291,一血敢死队
1307085,妖精大联盟
1280761,放开我师傅-最新q萌恶搞乱斗手游
1220441,屠龙战纪—荣耀霸业热血归来
1304534,沙城争霸-决战前夕全服国战掌控战场
1283267,风暴部落争霸-联盟英雄
1304702,ston
1304136,Kalimba™
7994,DayGram
1161385,WiFi密码查看器—周边免费WiFi一键连接
1273266,乱世仙侠-2017唯美梦幻仙侠手游巨作！
5892,SKRWT
1313702,奥义终章：匠心巨制，无限连击
1813,游戏开发物语
1284456,雷霆万钧
1281093,赤焰一刀——不服就一刀
1250275,倚天逍遥录-大型热血经典战斗仙侠ARPG手游大作
1287388,仗剑天涯-混乱的武林
1292214,狂怒灼心-3D魔幻动作ARPG手游
1266599,童话大乱斗-创新回合制挂机手游
1145255,三国称霸-经典三国战争策略大作
1230883,三国英雄杀-敢不敢制霸全服
1155315,变态三国志-挂机多倍变态版
1294937,热血斗魂-单机动作手机游戏软件
1314493,放置江湖：隐世门派现武林
7717,锁屏背单词
1063414,Peppa Pig Goes Around the World
718039,魔女之泉2
1310623,古剑奇缘-萌系3D修仙动作手游
1310883,满级传奇—超耐玩散人好混的传奇游戏
1265817,幻想物语-沙盘魔幻MMO手游
1318146,仙域九天
9454,MaxCurve
1318913,七勇者与魔王城
470377,Space Marshals 2
1236348,侠影江湖-唯美武侠风动作3DARPG手游
1285013,梦幻圣域-3D魔幻世界登录送橙装
1303885,风云魏吴蜀-史诗级三国风手游！
1276457,复仇者荣耀ol格斗游戏 - 热血王者英雄热门手游
1296394,仙境修仙-Q萌梦幻修仙回合制经典手游
1290238,上古情缘-2017玄幻修仙力作 三世情缘开启
1322008,神域永恒－经典暗黑系ARPG魔幻手游
1322130,墨江湖 - 3D极致动作武侠游戏
1302053,卧虎藏龙高清版-东方魔幻经典动作手游
1316773,众神之光-回合制守护永恒魔幻大陆之手游
1241510,挂机战三国-多人对战卡牌游戏
1319666,坦克指挥官-3D坦克战争题材手游！
1270070,捕鱼vip-2017最值得期待的捕鱼游戏
1310969,问鼎三国：SLG卡牌策略手游
1248593,仙侠大陆传奇-唯美梦幻修仙手游
1211078,三国霸业-威力加强版三国策略手游
1318922,Minecraft: Story Mode - S2
1301829,白描 -文件扫描与文字识别工具
1320874,风暴纪元-
1314416,挂机斗群雄-最好玩的策略手游
3847,Sky Guide
332305,铃声设置助手-一秒同步设置手机铃声，更方便好用的手机铃声助手app
1312033,仙途-最新角色扮演类修仙手游
1186970,暴龙超进化 - 神奇精灵世界大冒险
1317277,战国-巅峰国战之王者归来
489617,影音播放器-宅男宅女必备神器
1329811,热血重燃
1324897,九州天辰诀-2017全新战斗类跨服手游
1304817,戒灵传说-2017史诗级国度魔幻PK手游
1290487,奇幻魔灵-3D魔幻即时PK十倍爆率
1329025,刀剑灵域-MMO双修仙幻动作手游
480249,灵丘仙缘
1283358,火武至尊- 经典私服霸业手游
1320890,全职修仙-2017玄幻修仙力作
1245673,异界重生: 仙侠觉醒（王者问道修真仙途）
1327721,决斗学院-召唤怪兽，挑战最强决斗者
9346,超级幻影猫 - 重温童年游戏的快乐
1326690,主公的名义
1294702,斗破遮天-火爆原著改编不能不玩的仙侠手游（夫妻任务）
1239394,SYS Pro - 系统数据实时监测工具Launcher
1309421,武动乾坤-唯美风战斗动作3DARPG手游
1323146,无限大秘境
1331433,国战无双-三国卡牌策略手游
1314695,五虎悍将-策略卡牌手游游戏
1321521,Motorsport Manager Mobile 2
1327697,The Franz Kafka Videogame
7656,符石守护者
7879,Prune
1336059,热血三国曹魏传-热血国战策略手游
1264234,苍穹主宰-热血玄幻3DARPG手游
768937,西游奇遇记-降魔篇（星星陪你西游大战三国）
1213056,小米枪战：战场前线
8781,驾照考试好助手学车视频hd
1334895,剑道江湖-大型最新仙侠游戏
1280285,Gudak Cam
1333895,魔力帝国（Magic empire）--格鲁归来
510913,欧陆战争5: 帝国
6387,告白小人
7153,都都数字矩阵: 儿童脑筋急转弯、逻辑小测试以及数学推理题
8737,ZAKER 专业版
1211327,冠军俱乐部-真实球员数据
1135548,电驴ed2k在线云播播放
1331000,暗黑纪元II
1256212,天下英雄-Q萌神将战三国霸业
1324735,战国屠龙-热门手游
1305628,穿越三国志-三国争霸之英雄无敌
1335061,影音先锋ColorFly
1338043,三国戏英杰传-三国志战棋争霸策略游戏
1300417,永恒魔域-Q版3D西方魔幻ARPG手游
1336946,Linelight
1334802,小嘿扫描
1341501,口袋逆袭
8326,Analog Wedding (模拟婚礼)
1343608,星玥传说
1332437,扫描王 - 文字扫描识别全能王
1327384,魔幻王座-全新3D巅峰对决ARPG手游
1202200,昆仑变-青丘狐仙邀您一起飞升上神！
1334055,万界仙尊-巅峰四转 玄幻修仙巨作
1325351,斩灵决-唯美仙侠世界修仙动作手游
952173,决胜阵容-最佳阵容世界足球
1307045,三国龙将传
1306165,捕鱼2-捕鱼大亨最爱的街机游戏
1189926,无双三国志PK版-热血英雄传奇
6687,Kingdom Rush Origins
817980,瓜瓜影音-云盘网盘视频电影播放器app
1322326,PLOTAVERSE•Create Your Reality
1201205,天天挂屠龙-经典1.76热血移植
1346778,原谅帽大作战
1343131,SWRLY
1340390,牧云志-国风3DARPG动作修真手游
1347234,佣兵天下-铁三角之魔幻传奇
1346000,大侠怼他-暑期精品推荐最新Q版仙侠手游
1344756,精灵战纪-口袋宠物养成的二次元游戏
1334281,口袋犬妖传说-和风日漫卡牌
1331769,军师来挂机变态版-变态军师
1322144,电玩城捕鱼—最新单机3D打鱼2017版
1227949,挂爆三国－怒送2000礼包强化秒杀吕布
1344693,noded
1303581,VaporCam－蒸汽波风格贴纸滤镜相机
1189520,WiFi信号增强器 - 专业的信号增强工具
1344623,Sago Mini 帽子裁缝师！
1139138,手机铃声 - 铃声大全、手机铃声多多一键设置
930393,Game Strategy for 旋转轮胎(Spintires)
1349572,龙渊神剑-燕北之战，宿命对决!
1182885,热血1.76-真传奇经典1.76纯净不变态
1261868,三国群英大乱斗-策略争霸手游
1326623,疾风物语-次元穿越冒险之旅
888866,全能扫描王-极速扫描
437859,2018版人体解剖学图谱
1195313,微变传奇-经典复古传奇类手游
918117,韩剧TV影视网-最热门的韩剧追剧详情，韩剧迷必备
1345085,书虫Pro - 小说阅读器【无广告】
1353190,战国传奇-万人热血即时战斗手游！
1132321,天行剑-3D武侠动作ARPG革新之作
1350896,圣灵幻想-3D萌幻RPG手游
1354911,cos灵魂缔结
485415,御剑修仙-万人同屏PK、全民修仙RGP手游
1209317,永恒天堂-西方魔幻动作手游（战神觉醒）
1023392,足球名帅- 最真实球员数据经理手机游戏
1352605,二战世界-官方正版
1349721,一剑问仙-Q版唯美玄幻手游力作
1295544,江湖红颜传-经典游戏大全
1348037,变态五虎斗军师-军师对猛将
1353226,完美女友攻略全职高手-经营公司做大富豪
1351922,数码超进化——指间开启数码冒险之旅!
1353757,喵咪斗恶龙
4195,Kingdom Rush Frontiers
966666,"三国游戏厅街机,免费电玩城"
1638,TouchRetouch
1342240,Palette Twinkle（小星光）
7472,回声探路 (Dark Echo)
508429,鎮魂街-正版动漫授权格斗手游
1241677,抢红包神器助手外挂苹果版app
1260412,故宫自动导游
1354704,航海纪元-环球贸易探险手游
1301007,迷失立方
1355721,看书圣器 - 「小说」阅读器
1350960,大圣传-Q萌悟空传经典卡牌手游
1353813,三国爆笑江湖-丑萌卡牌大对决
1338909,破晓之翼-3D魔幻动作ARPG手游
1352976,恋爱日记-男生最喜欢的美女女友养成游戏
7010,中华拉面馆
75574,晴空农场物语
1245697,三国㊣塔防卡牌  -  大型策略动作游戏（送赵云）
1354298,Wi-Fi密码查看器 - 周边wifi轻松搞定
1349246,轩辕志-真动作真3D玄幻手游革新之作！
1359250,梦幻封魔录-唯美风Q版玄幻ARPG手游
1303299,"魔游战纪—择天修仙,唯美恋爱仙侠游戏"
1258579,太古剑尊
1354843,精灵大师畅爽版
1344857,究极进化-口袋宠物升级进化之旅
1361048,Galaxy: 殖民舰队
1332803,王者传奇-LOL联盟传说
1356798,指尖物语-仙境萌主南门之约
1359117,迅雷7下载网盘种子搜索
1362855,仙之侠道-3D玄幻风仙侠战斗ARPG手游
975520,武林豪侠传-送九阴真经倚天屠龙
1301739,无双剑心-汝持之剑，吾必取之
1362287,幻想大乱斗-日系二次元萌萌哒手游
1341461,剑灵纪-冉冉剑气，年度仙侠手游
1169767,WikiBook - 极速智能的在线维基百科阅读器
1027742,迅迅7播放器-在线精选视频影音软件
876562,影音播放器-视频播放器大全
1151712,铃声设置助手-一键同步手机铃声
1361046,无双战绩
1335717,托拉姆物语
854221,贪婪大陆 - 暗黑跑图玩法
1238050,卡牌三国3D格斗 -  对战动作策略游戏
1361040,Cosmos - 别具一格的微博客户端
1364010,Palette Pink
1374036,帝国ol（首发）
1353697,关羽之武圣传奇-三国猛将巅峰对决
1252446,RPG·挂机江湖-挂机放置经典角色扮演
1355759,《世界名著精选》套装共50册 - 人生必读书籍系列
1374242,轩辕幻想
1297413,WiFi密码热点-万能wifi密码查看器
489544,vpn - 一款好用vpn master国际直通车软件
1259140,少年捉妖记-Q萌绿色仙侠回合制巨作
1360281,英魂战歌
1369375,蜀山剑侠传-最新3D国民最爱武侠风手游
1360685,单机蓝月-经典怀旧娱乐单机游戏
1309426,镜天逆
759468,王牌舰队-大战一触即发海上制霸权之争
1345136,口袋怪兽OL动漫养成 - 精灵3D宠物策略最新手游！
1296188,御剑物语-二次元萌妹养成手游
1375087,姬魔恋战纪-超好玩剧情向galgame手游
1375111,Radiation City
221049,F1 2016
1210967,率土风云-经典三国策略手游
979190,神将天下-Q萌三国动作卡牌手游
1223994,烈火武魂-1.76版经典传奇
1370236,我的学妹那么萌——萌妹卡牌养成手游
1319589,我要三国-呆萌革新策略至上
1048509,傲视苍穹录-爱江山更爱美人！
1345720,热血屠龙-混乱的武林
1344669,星辰诀-御剑双修!MMO玄幻减压手游
1377064,我和妹妹闯三国-激情国战超多福利
1360682,次元物语 - 梦幻3D动作卡牌手游
1236344,洪荒之力
1375176,暗夜西游
7456,熊猫博士的冰淇淋车
3292,冒险村物语
1124268,AppGO
1304247,追书·鬼器 - 百万小说搜书追书神器
3348,熊猫博士动物医院
1374887,Dumb Ways JR Zany&#039;s Hospital
1294325,口袋五虎将-三国新玩法强势来袭
1376774,全职仙尊-玄幻修仙力作 超爽爆率
1250109,秒抢红包外挂助手神器苹果版新app
1374359,暗影战歌
1373319,后宫养成计划——美女环绕都市后宫
1369973,三国猛将传-无双热血格斗游戏
1379991,塔防魏蜀吴-2017最热三国塔防策略手游
2216,TextGrabber 6 – Real-Time OCR
893095,WIFI密码查看器-一款WIFI查看密码钥匙
1381100,真·三国群英-国战争霸策越回合手游
1381462,柠檬 VPN -极速网络VPN加速器
1213948,挂机手游·大武侠-魔法门之传奇手游
1373750,勇者纪元-王者英雄武将同屏战斗
1371295,OLDV - 用欢快的BGM做炫酷视频
281605,Lighten 思维导图-专注头脑风暴灵感记录的极简脑图工具
1355002,火力全开-战舰时代：无限海洋
1382613,不可思议乐队
1382287,混沌力量-王者之风，最强决斗
47010,intoLive Pro
1380683,荒岛求生-荒野生存求生冒险
1229842,武侠英雄ol仙侠武打 - 经典奇迹传奇手游！
1382098,枪爆三国-神将传奇对决
1382795,绝世高手の初恋养成
1290489,暴漫江湖
1358258,地城历险记-奇幻世界的冒险历程！
1277464,武林群侠传-高自由度武侠养成游戏
1275390,无极修仙
1363735,刀刀斩-沙城集结与兄弟共进退！
219006,剑魂传说（圣剑觉醒）-格斗战场决胜最强王者
1246505,归家异途
1383798,数码战纪-开启指间世界大冒险
1303295,小精灵世界Go动漫 - 最新公主养成游戏！
69849,DEVICE 6
1375350,东风VPN - Proxy Master
1382473,迷你真三国-3D回合制PVP游戏
1335364,91手游加速器-网际直通车
1228417,王者挂机-好玩的挂机放置类手游
1070211,天地无用-天下无双
3604,Year Walk
1385638,修罗战神- 年度热门史诗魔幻动作手游
1382241,魔王Q传
1179325,刀啸苍穹-大型经典武侠游戏
1335297,幻剑仙缘-Q萌风多人社交ARPG手游
1381018,把妹高手在都市——都是恋爱卡牌养成手游
1199481,烈焰武神-2017传奇攻城PK怀旧经典
1385167,失落之城-帝国策略国战版
490241,落格输入法 - 双拼码表四码上屏词汇辅码
1386460,辰东群侠传
749045,活下去-丧尸题材末日生存冒险游戏
1379892,龙枪之刃-天下英雄志RPG游戏
978704,Shadowing
1387716,决斗学院Online-经典策略卡牌对战手游完美复刻
1373593,蛋国志: 我不是三国
1388396,三国镇魂将：这条街我说了算！
1386752,沙漏VPN - 无限流量的网络加速代理
1199563,帝国纪元-魔幻史诗王国战争ARPG动作手游
1376005,男神修炼手册——都市恋爱卡牌养成手游
1353634,君王荣耀-最热门的实时帝国策略手游
1359659,武侠江湖传--Q版武侠卡牌游戏
786267,kirakira+
1336570,仙玉尘缘-精美修仙手游
1388711,VPN-GVPN
1391393,Peppa Pig (小猪佩奇): 鹦鹉 Polly
1017436,WIFI-万能wi-fi密码查看器
1375443,仙剑苍穹-最新Q版玄幻风ARPG手游
1196897,剑圣传奇-以天为盖地为奴，一刀一剑平天下
1382514,倚天风云录-最新战斗修仙ARPG手游
1392210,荣耀西游
1393131,军师传奇-三国英雄智力激斗
1388774,梦幻诛仙传-匠心3D唯美仙侠风手游巨作
1393819,赤影战神：王城霸业情义再续
999741,西游传奇-新纪元乱斗仙侠卡牌手游
1393420,主公有杀气:2017三国志策略手游经典回合制卡牌PK版
1220738,一刀屠龙-快速满级送神装热血游戏
1215037,曙光骑士团-梦回魔幻大陆寻找曾经的伙伴与感动！
1299965,三国英雄 - 帝国x最新手游游戏！
1384086,剑侠路-2017最受期待的武侠arpg手游
1392952,世界征服者4
1364367,可以这很冒险-超好玩二次元挂机手游
7222,小浣熊水浒英雄卡
1391844,玖玖游捕鱼——2017新款捕鱼电玩城
1385557,Dodge-网盘播放器影音先锋
971872,魔法少女小桃子
1394847,放开那公主-热门火爆魔幻MoMo手游大作
281953,三国演义之武圣关云长-携手武神赵子龙踏上横扫千军的征途
914708,胜者为王-多人同屏PK，首充送史诗武器！
1293079,斩魂沙城-1.76复古游戏
1282057,像三国 — 超好玩的TCG桌游
1352902,VPN - Dolphin VPN with Hotspot Secure
1391650,VPN-安全稳定的Master快车浏览器
1392928,青云剑道-情缘世界修仙热门动作手游
1397165,永恒至尊-最新玄幻修真arpg手游
1265362,融金所至尊版-精英投资汽车理财之家
1397561,美职篮梦之队3（NBA正版授权）
1283250,商战帝国-玩转金融地产圈
9452,艺龙旅行Pro-订酒店机票火车票
1396657,三国策略传-大型的单机挂机游戏
1396568,WiFi万能钥匙 (专业版)
1374715,Space-微多开分身版小号多账号助手
1397865,轩辕剑尊——本年度劲爆全球，修真类手机游戏
1399493,斩三国-2017最新对战策略战争手游
1375812,Karma. Incarnation 1.
1399572,择天纪缘——超火爆梦幻仙侠手游大作
1399527,魂剑冢 - 热门3D动作格斗手游
1399763,钢铁战队！(Iron Marines)
1154039,Heroes Defense: Magic Alliance TD
1346042,星际掠夺者-2017热门星际策略战斗手游
1345150,逍遥修仙传-热门动作修仙rpg手游
1398060,MT疯狂挂机
1288778,造化修神-热门最新手游
708120,外研版小学英语一年级上册 -一起点新标准，同步教材的英语学习机
491303,YY(PRO版)-初次注册登录送免费礼物
1399269,青云剑侠传-2017热门玄幻修仙手游
282216,主公受惊了-2017三国策略国战手游
1401754,重度污染-横版手绘科幻射击游戏
88595,随手记账
1393753,三国王朝-乱世称王，君夺天下定江山
1027541,暴走群侠传-暴漫正版授权挂机手游
1399208,真三国传-最爽快的实时组队无双游戏
1241425,梦西游—明星热门对战手游
1174162,超凡记-热血修真动作手游
1397759,全民挂江湖
1359428,天之境界-引爆日系二次元大冒险之旅
189387,探探约会交友-同城美女直播 聊天 相亲 恋爱
44574,东方头条(专业版）掌上新闻阅读新体验
29984,藏语500句·中文发音法·进藏必备
1366396,攻城战
47362,视频编辑大师: 视频剪辑加字幕
1403442,沙巴克之怒-冒险挂机游戏
1358058,WIFI密码查看器—万能wifi密码查看管家
1401744,泡泡弹射
1401339,Little Friends Dance Studio AR
1404621,挂机封神录-修仙封神放置类手游
1144894,魔法领主 - 与全球魔法师同台对决，续写王者传奇
1379740,重装装甲-经典坦克对战竞技手游
1396761,英雄无敌3死亡阴影单机
1403084,VPN-安全稳定的Master极速浏览器
1392137,ShadoWingy
1406121,酒神阴阳冕-一代酒神阴阳魔师
697644,男衣库-提升男人穿衣品味
1406415,雪刀群侠传
215051,租租车PRO-专业版，折上折！中国驾照出境自驾游租车
1402487,择天捉妖记-逆天改命修仙问道
1373009,热血攻沙-激情再燃，重新掌控战场
1058910,Kidu: A Relentless Quest
1408283,Monster Park - 侏罗纪公园 AR
1408403,Conduct AR
7438,Dreamdays V: 也许是世上最美的倒数软件
1006874,塔防：守卫剑阁RPG类游戏
1410235,朕统江山:乱世山河王者一统
1394683,御剑择天-执剑一战!玄幻风3DARPG修仙手游
1383925,挂机三国猛将传：三国卡牌战游戏
1380249,帝国契约-震撼来袭
1347541,后宫：拯救女神
1409967,洪荒魔尊-3D魔幻ARPG经典手游
876725,你好星星
510798,"仙侠奇谭-玄幻修真世界,谁与争锋"
505322,英雄兵团-全球亿万动作卡牌玩家共同推荐
1181553,坦克警戒复仇大战
1404735,VPN-一款极速Master快车
203483,Causality
1336672,万界修仙录-最新多人跨服梦幻修仙手游
1401672,群英战三国-经典巨作
1393448,数码之旅 - 神奇世界大冒险
1411951,逍遥剑仙ol-玄幻仙侠动作类大型手游
85749,突击枪神：乌合之众（ 最新全民反恐生死狙击动作手游）
1406776,梦幻冒险团
1409019,封仙奇缘HD-正统武侠手游
74587,ALONE...
81908,HoPiKo
1030148,Sapan (弹弓)
79346,急速冲刺
79337,2048 in Widget!
1790,欧路英语词典 Eudic 增强版-汉英英汉互译工具
745427,美剧天堂 for 人人视频
1416951,御剑风云-热血剑侠江湖之修仙情缘
134223,Functional Groups in Chemistry
1409942,GreatWingy - Smart Proxy
57082,Jigsaw Puzzle App
49125,Trainyard
188604,Hangman (English)
1352475,kubrain
1416791,王者烈焰－无限掉落秒升级
1414402,天天挂江湖
51030,Bloons Super Monkey
58976,Run In Crowd
48964,Rat On A Scooter XL
82024,全民僵尸战争(世界争霸战)
61919,芒果英雄
64644,Little Galaxy Family
49483,Chop Chop Runner
1417249,一命通关
1182404,手机变声器- 真正好玩的趣味变声助手！
1418196,29天
1414570,御剑戮仙
1412096,武极补天
1296376,三界萌将-热门神话手游激萌呈现
1409011,燃无双：三国志-极致策略体验
1284896,飘渺之旅-唯美仙侠国风手游
1309612,我欲封天山海战-站位萌娘修仙逗趣手游
1414634,宝贝大乱斗-萌宠养成究极进化
1417993,山口山挂机版
1399127,沙城屠龙-兄弟战天下
1319784,Flower花
1414652,POLY－Polaroid retro film cam
1406595,VPN-YUN VPN
1352070,苍穹焚仙
78906,Muertitos (The Little Dead): A Matching Puzzle for your Brain
70933,TripTrap
8723,Doodle God: 8-bit Mania
76164,怪物2048
415532,海盜!開炮! HD
1418370,战国霸业：三国英雄指点三国英杰谋略天下
8748,Paper Train: Traffic
1096067,AirPano City Book
1280369,三国挂机风云：放置卡牌策略游戏
1362107,傲世千雄
954578,西游斩仙-经典仙侠题材策略卡牌手游
1177223,神域天堂
1419775,VPN - Super GreenVPN Pro Proxy
1419028,挂机不累三国：卡牌挂机放置类手游
1358402,疾风猎人-首创合体新玩法日系手游
1409361,NBA 2K18
1372255,秒抢红包外挂助手神器苹果应用app
1420798,怪兽之决斗
1393049,挂机三国志:卡牌挂机回合制手游
1419176,沙城至尊-经典复古1.76版
1262351,魔域主宰-正统西方魔幻多人国战手游
1425183,官居一品-穿越到清朝当大官手游
1420889,部落与荣耀-热血3DMMO动作冒险手游
1416758,VPN-高速Master浏览器
1388723,AirGo 加速器 - 游戏视频加速、网际直通车
1419305,闪电 VPN - 极速秒连VPN代理
1263731,命令与冲突：坦克挂机大战
1419444,英雄无双：三国志-燃爆全场
1430098,丛林大逃杀 - The Last Winner
1430487,超燃斗魂-登录领御姐
1382171,商界大亨-缔造商界传奇人生
1300357,恶龙谷：开启生物无限进化之路
986123,西游降魔传-经典回合制卡牌手游
1388145,打工皇帝-管理公司打造大富豪帝国
1419550,汉末霸业-全民三国攻城策略手游
1415283,破军之刃-玄霜登场寒潮降临
1238813,楚汉霸业—暗黑沙城 烽火再起
1036732,邻家妹子2：全新视频恋爱游戏！
1385228,Express VPN - unlimited proxy master
1383340,VPN - hotspot proxy master
1424165,SuperWingy
1398726,VPN - unlimited vpn master
1384385,极速VPN-优质线路，永久使用版
1262845,犬妖传说-2017日漫和风卡牌手游
1418338,王国的怒号-休闲挂机王国冒险手游！
1211618,烈焰武圣-1.76版万人攻城传奇手游
1404289,VPN-My SuperVPN
1355817,灵剑飞仙-全新火爆热门仙侠手游
1205533,挂个鸟三国:登陆就送橙将
895798,英雄西游记-伏妖降魔传
1263230,Predynastic Egypt
1315739,变声器动话机-for QQ、微信搞怪变音视频
1436355,辟天纪
1434783,三国2017-PK加强版
1436358,逍遥飞仙-最新3D唯美修仙手游
1437132,青云镇魂剑-仙剑外传手游
1436262,我的后宫传奇——和女神一起热血奋战
1436261,初恋养成传奇 - 美少女攻心计
1436295,红警出击-谭雅绝地重生
1436141,VPN - 泡泡VPN加速器
1433855,The Talos Principle
,
1434231,Dragon Hills 2 (龙之丘2)
1186743,剑仙情圣变态版-开服快速转生好玩游戏
1384160,Smart 加速器 - 智能网络加速器
1317377,龙城传奇-3M微端，1s下载，5s开战
1419219,指尖修仙-掌上修仙神位争夺
1437380,城堡传说2：迪亚佣兵团
1411996,#胶片
1439477,决斗怪兽-人气动漫完美复刻
1437461,万道剑尊-玄幻类仙剑幻想手游
1211620,十年一剑-动作卡牌x热血武侠江湖
1086234,英雄誓约
1438500,VPN-Rocket VPN
1440654,ARIMOJI by Ariana Grande
1286696,全国大赛：首款Q版热血篮球游戏
1419525,巅峰足球-豪门经理梦幻风云
1437854,梦幻逍遥-热门仙侠情缘交友手游
1440421,VPN - Sufer VPN
1413313,奇幻三国挂机版 - 每天免费送巨额奖励
481748,御剑定情
1440314,把妹高手：你的女神你的说的算
1329210,小三国大谋略-微操作，战场策略对战
1415732,西游记Go
1439719,剑指曹操：乱世枭雄曹操传奇
1416069,全能扫描王 - CameraScanner
1233755,剑侠恩仇录
1280463,挂机猛将传:三国争霸战
1418295,带个女神闯江湖
1433628,仙剑修神录-缥缈之旅
1444294,艾希 - ICEY
1433502,降魔西游记-少年释厄传掌游宝
1439589,弑剑情缘3D
1443163,月圆之夜
1351042,武神关云长-三国群英巅峰对决！
1437431,幻剑剑仙
1392179,征战十三州—热血三国策略攻城游戏
1436337,二战坦克世界-现代战争策略手游
1444352,VPN - Bright VPN
1190115,非常三国HD-三国卡牌动作策略手游
1248167,烈火屠龙—攻城掠地 称霸天下
1271314,无敌大乱斗-超imba的三国策略卡牌手游
1436684,挂机那三国：卡牌放置三国志手游
1443003,闪电VPN-高效加速神器
981069,西游风云-首款西游卡牌探险手游
762212,Filmborn
1441656,&quot;PUSH&quot;
43884,OVLA - 真棒排版设计
1392336,小小兵团-无间策略烽火三国
1446217,飞剑问道-全新3D传奇类仙剑手游
1372929,梦道-浪漫回合梦幻修仙手游
1435508,剑道情缘-经典武侠玄幻修仙手游
922650,Little Kitten
1296029,青云剑道
1445798,御剑飞仙（唯美仙侠呈现中国玄幻元素）
1449032,修真入魔-装备随地捡，坐骑任你抓
1445002,荣耀西游-英雄军师掌游宝
879227,"足球豪门经理-真实球员数据,足球经典游戏"
1445109,麥玲玲2018狗年運程
1301278,篮球经理人:CBA官方梦之队手游
1256204,猛禽战舰F飞机:空战机模拟器游戏中文版
1350810,治服小师姊:首款二次元成人手游
1447046,VPN - 全新体验，跨国商务好助手
185918,OffRoad Drive Desert
1448594,无限修仙 : 破镜新生
1347492,Breathe in
1362695,幻剑九天-上线即领极品神器
1446263,决斗联盟-超燃策略实时对战游戏
910567,精灵大爆炸
1445001,王者超人-超燃日漫手游
1452084,疾风忍者传 - 创新3D冒险卡牌手游
1452135,放逐游戏
1441017,超凡西游-热血江湖乱世王者
1452113,魔女之泉3
15181,ToonCamera
1028304,仙域-2017首款仙侠巨作
1402486,侍魂仙侠录—全民仙侠御剑修仙手游
1422197,吞食天地：赵云传-这才叫三国
1452705,最终契约（策略卡牌王者）
1414598,超神无双-伊泽!战争与文明的抉择
1448607,丛林求生法则大逃杀
1452128,霜 - FROST
1444507,VPN-闪电 VPN
1439779,三国：2017-重温经典
1441373,VPN Master - shield hotspot
1226932,wifi密码查看器-pro-周边免费WiFi一键显示
6464,战车撞僵尸2 (Earn to Die 2)
1453528,大逃杀绝地吃鸡 - 丛林求生法则手游
1096585,Pavilion: Touch Edition
10442,Soul灵犀－诉说心情，遇见爱情
1285046,斩龙诀-热血屠龙最新热门手游
1119003,幻宠学院
1455865,大师VPN - 极速稳定vpn专家
1138588,查违章2017官方版-全国交通车辆违章查询助手、违章代缴
1273050,地牢求生 - 无尽的迷宫
173628,星星消消乐 - 开心爱消除单机小游戏
144763,贪官快跑 (Corrupt Run!)
1444442,乱逗西游-经典爆笑卡牌手游
1457514,中超荣耀-中超联赛官方手游
1457836,关羽悟空传-年度十佳卡牌手机游戏
1456502,丛林大逃杀-求生法则吃鸡游戏
1455553,百斩成仙
1455634,御龙诀
1456577,刀剑情缘-最新修仙手游
1459633,三国急攻防
834603,精灵道馆-放在口袋的GBA游戏
1022791,围城大作战-全新竞技手游
1458359,艾彼（Abi）
1459191,Sky Gamblers - Infinite Jets
1459893,斗破仙剑-2017最新热门跨服仙侠手游
1387758,青龙明月刀-登陆即领极品坐骑！
1451536,永恒之迹-大型3D魔幻手游
1452709,三国热-真三国游戏
1243221,御剑问情（无敌仙侠-热门手游）
54735,Tank Hero
1454270,御剑奇缘-自由交易爽爆PK仙侠大作
1403388,智力四合一-唯有智者方能坚持到最后
69215,Iesabel
274576,密室逃脱闯关版 第8季-逃出神秘部落
3578,枪之荣耀付费版
8878,Beat da Beat
1393628,百炼仙尊
1452804,军师大联盟-经典三国志策略手游
1461830,三生三世十里桃花-仙侠RPG手游
986780,生存大挑战：转职版3C塔防游戏
1457087,小猫大冒险
1458921,谜方
1403094,群英大挂三国志-真三国重现无双战纪
1319715,红唇斗牛牛-真人百家乐疯狂版
73373,异星迷航
1456540,遮天-经典小说改编
1411330,轩辕寻仙-唯美仙侠动作情缘手游
1448666,极速VPN
1427958,神泣之戒
1465605,圣墟之门
1465454,幻想唐门
1403451,气球碰碰看-2017益智休闲小游戏
1403392,左右为难-两色瞬间更换
1443598,英雄祭-热门强策略三国卡牌手游
1464096,离山剑诀-唯美修仙多人团战游戏
1394172,玩坏了三国-天下大势由你掌控
1286898,奔跑星球-史上最难跑酷游戏
1466713,攻城三国-三国策略攻城手游
1374279,可乐日记
1283736,奔跑吧少年-激情体验城市路段奔之无堵
1241288,Blink - 快速备忘 &amp; To-Do List
1464507,愚公移山3-智叟的反击
1466723,乱世战国-大型多人国战策略游戏
1436615,萌娘触摸-二次元角色娘化游戏
266329,一拳英雄
1401644,全民王者乱斗 - 二次元卡牌对战动作手游
1467780,暴走三国-终极神将对决国战手游！
844191,超梦进化-最热门的宠物养成手游（第五代）
1416,Camera+
1319580,Palette Pika（Pika 贴纸）
1396860,龙门剑客-热门玄幻武侠巅峰手游
1466334,创世无双-三国大型国战手游
1438576,造化无双-3D动作修仙手游
1466072,神域契约-西方魔幻ARPG手游
1301423,御剑奇侠传-经典修真情缘手游
1468149,挂机斗神仙-放置类挂机策略手游
166474,The End of the World by Sean Wenham
1466391,武侠小掌门-暗黑风挂机RPG
1388408,畅阅小说
1180368,Tempest: 海盗行动角色扮演游戏
1455147,挂机那三国：群英演义战三国
1383836,仙剑镇魔录-梦幻修真再续情缘
1468241,孤岛大逃杀
1466380,仙与情缘 - Q版仙侠3D动作手游
8319,PAUSE - Relaxation at your fingertip
1397764,Uri:莲花溪之苗
1468715,剑羽江湖-最新武侠风跨服战斗手游
1458146,征战四方-三国战争游戏
1270195,逃生阿帕奇
1284452,帝国战舰TD
1458889,灵云剑仙传:神话天堂仙侠手游
1471005,幻境仙缘-创新实景仙侠手游
1468633,Notch Remover
609825,Art Stories CITIES
1460244,英魂挂三国
1265452,犬夜叉-寻玉之旅
1467960,玄霄飞仙
1467917,去吧小精灵-日系二次元RPG手游
898729,鲨鱼记账Pro-3秒钟快速记账
480956,1元商城-一元云购时尚正品神器
1468719,天命幻想-卡牌策略二次元RPG手游
1453890,后宫大作战——宅男幻想世界
1238052,挂机三国美人志-激情国战无双群英好玩游戏
1392700,绝世剑魂-冠绝当世剑出魂灭
1469523,决斗王-超人气策略卡牌手游
1468070,激斗三国 - 无限连招，畅快格斗
1472295,亚提斯战记
1471459,萌弹大作战-全民竞技
1443209,偃月之日
1466477,巅峰大乱斗
1462827,挂机军师三国
976989,西游斩仙-经典仙侠策略卡牌手游
1423039,枪爆三国pk版-2017经典三国
1470156,汉王的远征
1380148,战棋世界：经典魔幻沙盒策略游戏
1285012,英雄世界OL - 塔防3D暗黑卡牌动作手游
1323319,主人不可以-策略卡牌游戏私服版
1450163,逍遥乾坤
66343,嘟嘟的汉字旅行：体验中国文化、美食与汉字
1468848,末日之城 - 行尸走肉
1472060,荒岛大逃杀 - 丛林法则荒野吃鸡
1434412,天剑群侠传
1031,奇迹战神
1334516,万剑风云决：剑侠江湖豪情修仙网游
1455928,剑灵尘缘-巅峰四转，渡劫成仙
1447937,杀戮战争-最火的现代战争游戏
1471066,决战天魔城-怪怪的二次元卡牌手游
4842,数学公式定理手册：教学网站共同推荐的App
1424135,Rainbow - 一款彩虹滤镜特效相机
1472461,择天传说—全民仙侠动作手游开启
6179,FOTONICA
56707,走遍美国（最佳口语学习）
1473434,WhiteNight
272346,voi
1460031,仙诀-自由交易公平回合修仙手游
1472586,上古长生诀-奇幻冒险修仙手游
1475016,莽荒录-天赐血脉觉醒
1458310,猫咪冲锋队：二次元战记
185306,文本音乐 - 简谱快速记谱
1469836,灵剑
1477467,挂机真三国:三国挂机手游
1465779,霸武神王-剑侠情缘霸道征途
1478710,Getting Over It-掘地求升官方手游
1478709,geting over it-掘地求升丛林中文版
1389307,App VPN Proxy - Express Super high-speed VPN
7864,Lara Croft GO
1482048,红名村-复古自由PK大型手游
1285341,幻世三国-策略™争霸手游
1552,Pocket Scanner Ultimate
1422313,REKT!
680744,Animation Desk 专业版
1416871,暴力街区2 (Brutal Street 2)
1433309,极速VPN-超级网络加速神器
5323,Hitman GO
1483346,热血武侠传奇x修仙放置动作手游
1472377,上古纪元-经典再现
1482035,Q萌真三国-2018策略型精品卡牌游戏
1479555,太古天辰决-全新热门火爆玄幻修仙手游
6483,Star Walk 2 - 星空图: 星空和行星
1475404,绝地行动 - 丛林枪战使命
1470755,小小英雄传2
1481538,血战龙城-百人争霸策略手游
1483837,梦幻超进化-口袋策略回合制手游
87541,荒岛危机大逃杀
2450,Calculator ∞ - 科学计算器
1483223,单机群侠传-野球拳再现江湖
1480292,太乙神魔录
1482934,决战皇城—大吉大利今晚攻沙
1486730,众神荣耀-召唤师对决
1478262,群英战三国-三国武神热血攻城
1465457,乱世巾帼-三国情怀经典手游
1280207,疯狂五边形
1482607,沙城传说-微端小包，3M秒下
1468850,天空神域-一起在二次元的刀剑世界遨游
1476062,焚仙-逍遥侠侣修仙手游
1309206,拍照取字
1373808,物种起源
1433583,王者游戏-怪兽卡片决斗游戏
1470695,Custom Notch
1461344,帝国争霸-再现史诗级团战策略游戏
987855,Splitter Critters
1461358,笔趣阁-热门全本小说阅读器
1462068,塔防战纪：RPG塔防游戏
6811,富甲三国
54995,爱笔思画
1439388,Dead Rain : 新的僵尸病毒
34809,Brushstroke
1472388,英雄就是我
1470051,天剑风云
1480430,幽灵公主-萌系修仙策略卡牌手游
8337,记账·圈子账本(专业版)—可共享的全能记帐本软件
1489206,守望英雄-自由放置经典策略塔防手游
1460614,唐门美人传-经典策略回合制手游
1489530,烈火魔龙-屠龙争霸，一品江山
1472659,死亡阴影.
1459113,沙城之主-王者争锋成就沙城霸业
1488374,小姐姐我们上 - 策略卡牌游戏
488196,神奇定位
1492022,横扫武林
1486147,独步天下-独步武林称霸天下
1493029,三国功守道-经典萌系攻防类手游
1471195,征服吧主公-三国策略国战卡牌手游
1148830,虚拟GPS位置-朋友圈分享任意地点图片
1492436,决战天下-王者争霸，一念永恒
1492333,我是大侠 - 御剑3D武侠动作手游
1492419,天堂之刃- 手起屠天，万神之上
1491497,王牌钦差-模拟经营宫廷养成卡牌手游
1468242,修真风云录
1486224,GRID™ Autosport
1489398,斗破乾坤:热血修仙3d手游
1453524,仙诀-蜀山情桃花林
1489391,魂石之战·奇迹魂石
1462463,后宫拯救计划——你的英雄时刻
1309479,神算小子-约你的小伙伴比比智力
1494734,文明无双
1493033,小精灵进化-卡牌养成策略手游
1490835,全能扫描王 - cs扫描全能王
1494522,熊猫吃短信
1466023,热血剑尊-年度火爆仙侠手游
1419273,赤炎沙皇-重回沙城
1439791,三生仙魔录 - 正宗仙侠侍魂手游
1496346,小小金銮殿-模拟宫廷经营策略手游
1491305,数码大暴走-超热血的究极体对决！
1478810,青丘传-纯正武侠3D角色扮演手游
1498071,剑雨飞仙-仙剑的江湖，你我的江湖！
1497989,剑客行 - 十步杀一人千里不留行
1254349,灵剑牧云记-幻剑飞仙，正统国风仙侠手游
1496924,暗黑王者挂机X奇迹手游私服
81357,魔塔物语
63463,干瞪眼 for iPhone
1495952,貂蝉保卫战-真三国英雄塔防守卫战
1491491,黑暗游戏-次元之暗面
1353283,烽火战歌-实时沙盘国战经典手游
1281692,沙滩足球
1497073,封灵召唤师-式神召唤
86757,拳王争霸战！
76671,金币大亨传奇黄金版
86541,合金使命2015 - 勇闯恐龙岛（超火爆街机风格横版射击游戏）
424661,宝石火车Pro
1467741,Getting Over It
1499356,Reigns: Her Majesty
1494724,牧云记-御剑红尘东方魔幻情缘世界
1499232,二战风云2
1497053,挂机群侠传之武林至尊
1237464,永恒神话-战神觉醒再战魔域
86629,Undertown Chase - Ben 10 Omniverse Running Game
1501577,萌萌三国缘-热门RPG立体卡牌手游
6353,黑石之谜
1494503,刀刀暗黑：单机RPG挂机放置游戏
1426332,江山美色-卿本佳人 当官养成手游
1004538,英雄西游记-经典仙侠题材策略卡牌手游
1501335,沙城一刀流 - 3M秒下 落地爆神装立刻攻沙
1500882,暗黑神殿-进击的天使
1389994,友情岁月
1488016,三国大皇帝-卡牌玩法演义三国争霸！
1481825,龙之剑-地下城历险记
1480303,乱世争雄-三国战争策略手游
1478674,斩仙降魔记-捉妖记
8111,Sword Of Xolan
5803,"单机三国志-不抽卡无体力,战个痛快"
4150,Marvel Pinball
2041,Amazing Breaker
79477,星际曙光
52712,QWOP for iOS
1217499,最强格斗-横版动作卡牌游戏大合集
1143908,Easter 2 - 4 Games
75673,Super Slowmo Shooter
155400,FColor
79431,Cyto&#039;s Puzzle Adventure
1483745,六界飘渺之旅
786347,infy：广告拦截，净网大师
1468787,猛将挂三国
759025,宝石塔防-最新热门策略TD游戏
79786,熊猫总动员 - 陪宝宝一起探索熊猫的世界
972693,十步万度：婴儿可能玩得比你好！
151742,贪吃的米歇尔
247918,魔王
160247,萌宠大冒险--消除世界太可爱！
1482508,大将军-全新大型3D动作手游
1498014,小小萌将斗三国-热门三国策略回合竞技手游
7846,Xenowerk
504878,单机侠客传：热血江湖武林群侠卡牌乱斗游戏
476816,Geekbench 4
1468890,极速火箭-绿色网络加速器
1499691,大雕皇城-最新万人团战手游
1290507,主公挂三国：挂机卡牌手游
1503372,山海捉妖录-跨界修仙情缘手游
1503557,如懿传-修仙情缘
1505273,屠龙霸业-复古攻城称霸手游
1505111,挂机三国武将传-卡牌放置类三国挂机手游
1496171,暗黑纪元OL奇迹 - 永恒归来回合动作手游
1468849,霸王大陆无双版-街机经典重制
1505954,Gorogoa
87649,twofold inc.
1472267,二战狙击：王者枪战游戏
1500078,武侠 - 热血江湖卡牌游戏
1489390,天涯明月剑
1483159,龙之遗迹:遗迹探险 巨龙宠物
1506549,决斗王OL-游戏王者学院
1503892,天下霸王 -回敬青春不忘岁月
1506466,卡牌纯三国-热门三国轻回合手游
1506830,官居一品-清朝模拟当官养成手游
161867,天空之城经典版
1506921,天使之剑-大型魔幻多职业pk游戏
1507861,大清皇帝风月传-全新当皇帝手游
1505940,《奇异人生》
1013493,CPU DasherX
993298,4season-四季
4194,Handy Photo
1164839,龙神传奇-经典回归沙场荣耀，骨灰级版本！
1362902,冬天 - Season Camera
550756,Feelca D
1506640,狂战之王
1505110,黑暗战歌-全民荣耀
1474570,皇城之战—皇城霸主主宰私服
1508439,小虾米闯江湖-经典武侠手游
1396915,风云劫
1408888,山海经异兽录-经典玄幻手游！
1197763,策略塔防：魂之融合1.01单机游戏
1505319,全民武侠挂机版 - 再续热血江湖风云
1468457,江湖大掌门X：暗黑RPG回合制单机游戏
183336,王者至尊
1507333,御剑无双:顶尖画质新国风大世界
1506492,傲视九天
1512429,皓月沙城-开天裁决屠龙争霸
1508345,漫三国
922139,妖零
1511965,三国大冒险-成就你的战国霸业
1211527,西游诛魔-伏妖降魔经典修仙
1509460,屠龙烈焰-英雄式挂机手游
890717,萌宠大冒险-口袋宝贝暴走大冒险！
1481850,星座传说·神龙的诞生
1510448,裁决无双
1491136,弑剑天下-自由交易爆爽pk爆神装
1509217,汉末群雄-全民三国争霸主
1499601,斗天战尊-2017年最受期待的热血PK殿堂级手游
1419480,Cubesc
1508847,捕鱼游戏厅-捕鱼电玩城推荐的捕鱼游戏
1511432,疯狂钓鱼 - 2018最新模拟深海捕鱼3d手游
1511148,刃心（Bladeheart Ninja）
1513600,昆仑寻仙-天剑情缘
1500731,挂机三国吕布传：创新挂机手游
1505723,玄天剑心-唯美恋爱修仙手游
1510278,乱世三国——排兵布阵 烧脑对决
1513041,神州牧云记-穿越九州逆转星命
1510327,封神天下-热血3D动作魔幻手游
1511430,魔域争霸
1466377,盒子城大乱斗-快看二次元漫画
1469671,烈火沙城-2017热血私服沙巴克手游
1441841,一刀无双-征战天下
1513240,传世霸业-宝刀屠龙霸业传世
1480210,塔防 - 塔防三国志策略塔防游戏
1302742,仙境奇缘-最好玩的修仙网游
219283,RNI Flashback
62298,Bastion
1459372,Afterlight 2
1508734,荒漠战场
1382352,Folar - 即时胶片相机
1510325,乱世帝争-梦回唐朝当皇帝
1513285,诸葛神将-全民烧脑策略手游
1506937,塔塔少年传-穿越三国策略塔防游戏
1514795,少年剑客-热血武侠决战江湖
1512554,山海伏魔录-自由交易动作武侠手游(正版)
1514588,阴阳战神-国风角色扮演策略手游
1513447,航海先锋-体验惊险的海上硝烟战争
1511175,唐门六道-妖皇乱世
1513601,破天一刃 - 渡劫转生仙侠世界
1497044,热血国战三国-经典塔防国战
1418686,"梦幻三国无双版-0元VIP,七天上V4"
1217407,掌上电玩城-高爆灯街机打鱼游戏厅
1514375,三国策天下：军师联盟三国争霸
1493409,驯龙领主
1502755,黑暗决斗-实时策略对战游戏
1514762,叁界群殴传
1408406,堆积木AR
1013960,十三煞
1082754,欧几里德之地
1488030,"梦幻伏魔-注册送橙卡,日送千钻!"
1513282,三国热：将魂觉醒-三国志英雄游戏
1507303,名将曲HD-雄霸天下
1515318,王者仙侠
1515844,灵域苍穹—梦幻仙侠世界修真手游
1515855,萌将战姬-二次元三国卡牌大作战！
413975,圣诞头像
1496379,加圣诞帽
1514397,武侠挂机传II-热血武侠风云录
7050,Pixelmator
5156,Oceanhorn ™
1511321,Sonic Runners Adventure
5692,熊猫博士餐厅 2
1508399,伏魔妖刀-大型武侠单机手游
1511434,Bridge Constructor Portal
1516840,侠客风云-乱世江湖唯我独尊
1512937,铁齿铜牙-全新官斗手游
1028334,神域裁决-巅峰PK成就王者霸业！
1512712,暴走三界-点将出击征战天下
1498281,烈炎主宰-大吉大利今晚称皇！
1004923,究极萌宝贝-复刻经典xy游戏
1516818,大周封神记 - 热门仙侠手游
1514392,魔法英雄团
1278862,少年忍者坛
1497996,战地奇迹：卡牌策略与战争
1515305,卤煮三国-国产创新街机玩法卡牌游戏
1457603,蜀山牧云记——自由交易爆爽pk爆神装
186022,Real Steel
8604,MoBu – 冒险开始
7266,塔防之巅-魔兽TD经典重现
51029,Reckless Racing HD
9873,暗黑屠魔者（暴雪前员工合作开发暗黑史诗级游戏）
272911,守望诸神-北欧众神先锋天启之战
1448483,52区-地精商人
4541,上吧主公-主公升职记
1284873,wifi密码查看器-周边WiFi一键显示
1516006,青梅煮酒论三国-2018三国策略手游巅峰之作！
1270708,天天打豆豆-三消特别版
1505534,西游记之大闹天宫：经典动画正版授权
1286889,疯狂动物园-单机萌宠三消游戏
6144,Goat Simulator
502134,傲世仙侠—千人狂欢跨服战，真人语音情缘双修
1236677,热血太平洋
403680,消灭老鼠——全民捉老鼠天天好玩疯狂刺激趣味无限！
244226,五人制足球2015 - 与庞大的体育真正的足球比赛和联赛室内足球竞技场比赛[高级]
1518206,赤火战记-怀旧攻城激情手游
194826,头脑风暴 - 测试你的IQ智商
85680,MOW 双人对战
148901,古堡逃生
187404,剑之魂
501467,足球推金币-经典热门水果机小游戏
7784,英雄之剑
125965,绝色拼图- 全屏美女拼图游戏！
1160253,兽人大决战-冰魄王座史诗巨作！
103439,Cut Zombies
423528,云兑宝-竞拍购物更好玩的兑宝平台！
1510592,武林群侠正传 - 经典武侠卡牌养成手游
1519758,"永恒传说-轻松挂机,装备回收"
1514864,蛮荒志-2017自由交易玄幻修仙力作
1515103,剑指沙城-剑锋所指所向披靡
1504844,仙界有嘻哈-你有freestyle吗？
1285010,女神来了——  首款恋爱养成卡牌手游
81224,主神空间5
1020255,韩剧社-高清韩剧播放器
1518290,转动武林
1519419,挂机三国主公传：回合策略手游
1514928,李卫当官-大清升官手游
1504967,三国情缘-3D三国梦幻卡牌手游
1520558,三国塔防群英传-策略塔防类手游
1502738,萌宠训练师—不一样的口袋世界
90673,宝石星星消消乐-2017经典休闲益智的消灭类消消乐
1492873,问仙纪-精品仙侠动作手游
643725,消除海洋之星-在海里也能消消乐
36418,CPU Dasher64
1517707,幻想战役-风靡全球的二次元乱斗手游！
1460299,Wingy+
1506539,赤日霸业
1511067,爆点联萌
1495703,烽烟天下志
1517853,主公有妖气-无厘头三国题材爆笑天下
1507001,烈火裁决-经典回归龙城争霸
282727,3D魔幻打飞机
1483373,三国：全列战争
1224690,剑侠江湖:剑魂
1516337,SuperShadow-Pro
477975,vpn - 一款不错的vpn国际浏览器软件
1449669,Best VPN - China VPN Proxy Pro
1509684,驭龙天下-经典单机版怀旧之作
69019,我的宠物会说话
1075136,Mushroom 11
1521376,幻剑逍遥-唯美修仙御剑证道
504049,向日葵要长大
1519140,刀剑演武-和风刀剑，风雅来袭
1470387,麦玲玲2018生肖运程-麦玲玲狗年风水算命
868888,滤镜相机 - 魔法天空 - PRO
1522234,烈焰火龙-最新热门团战手游
1523974,神将真三国-热门3D卡牌策略手游
1513898,口袋宝贝-探险收集手游
1405044,街机捕鱼人-游戏达人推荐的欢乐捕鱼机
489464,蛇蛇争霸-大逃杀吃鸡来袭！
1524110,争霸皇宫-最新团战PK手游
1489755,三国志军师大联盟-热血三国，策略无双
1524166,大闹三国-嘻哈战神暴揍三军
1523575,洪荒传-全民修仙手游
1524016,斗转武林
1523374,如果可以回家早一点
880796,手机号码定位-手机号码归属地定位追踪手机位置查询APP
1521207,死神来了- 生命收割机
1526749,西游记降妖:大闹天宫归来
1521460,WiFi万能密码(专业版) -wi-fi无线网络密码管家
1530171,六界剑仙-古风仙侠类手游
1514377,三国我为王-三国志英雄游戏
1511653,众神天堂-3D动作手游
1526842,傲世烈焰-经典传奇沙城争霸
1526847,雪域
1502334,三国:逐鹿天下-三国手游
1525489,二战狙击手：生存枪战游戏
931745,武侠风云传.单机：少年群侠传热血江湖武林卡牌游戏
1492488,Glopy
746454,烈火攻城
1524454,三国赵云传:2018三国卡牌巅峰之作！
1527013,迷你塔防三国志
1526888,热血微端复刻-屠龙霸业单机手游
1376753,战国策-正统国战沙盘即时策略手游
1527374,极道天魔-寻仙求魔御剑论道
1523311,九州伏妖录-修仙修真手游巨作
1527914,塔防荣耀：新派塔防游戏
1283914,未来忍者先生
1525219,少年奇侠-经典武侠江湖传奇手游
1528075,乱轰三国-三国王者唯我独尊
1528208,烈焰王者-剑锋所指所向披靡
1437216,皇者屠龙
1527913,人类:一败涂地
42559,Whink
1441746,Returner 77
1515037,英雄无敌挂机：死亡阴影-
1529348,卡牌诸葛神将-2018策略卡牌手游！
1529217,多玩捕鱼-捕鱼大咖最爱玩的捕鱼游戏
1528410,蓝月之战-复古天天来挂机
1528246,仙剑单机版:唯美仙界手游
1528774,西游悟空捉妖记-全民PK卡牌对战手游
1510322,最后的圣战
1529568,烈焰主宰—热血回归复古网游
1528078,斩龙霸业 - 兄弟相聚再战龙城
1522830,云海之虚-大型飞升修仙手游
1529035,Rusty Lake Paradise
1528555,层叠消融-最强大脑5挑战项目
1528635,全民塔防战-创新塔防三国策略手游
1506832,布林机
1529186,VPN - VPN Connect
1514096,一刀裁决－入住皇城唯我独尊
1530072,英雄豪杰-青春武侠MMO巅峰手游
1527587,小医院
83858,Serenitea
6403,AirPano Travel Book
1423514,武林群侠传-高自由度武侠求生游戏
1259201,TA - 一对一聊天，遇见对的人
706937,Rusty Lake: Roots
1484279,红警挂机-经典红色警戒指挥官
1530220,天行VPN-VPN国际直通车
269567,Take Off - The Flight Simulator
9769,Rusty Lake Hotel
6747,主题控-专业版
1530241,"vpn - 高效稳定,极速便捷的网络加速神器"
1520681,三国志列传
1461741,「追」百万小说大全 - 完本搜书追书神器
1436148,筋斗云加速器
1501344,地下城火焰骑士-勇士生存大冒险
1498234,真三国塔防-好玩的三国志塔防游戏
1530195,大王叫我来巡山-全民玩转Q萌西游
1542714,IPSW Go
1529613,Green 加速器 - Super Angel
1542678,人类:一败涂地 - 最虐心游戏
71240,Broken Sword 5
1545542,昆仑变 - 典玄幻武侠江湖手游
1544714,VPN－安全稳定 永久可用
1413834,AE特效教程 - 视频剪辑影视AE特效软件
1555257,神魔之域-3DMMO王者对战手游
1554680,火龙复古-热血经典手游
1555258,仙界之门-修仙渡劫热血手游
921633,论剑：风格独特的武侠文字游戏
1285356,神之六面OL
1553270,VPN - Green Hotspot VPN Proxy
1529573,极道天剑
1189448,Oilist
1555528,来玩妲己吧
48154,Sunday Lawn
192268,INKS.
815943,挂机三国-最强挂机游戏
1530634,西游·牧云记：海上西游梦幻传说
3745,淘卡宝卡：发廊2 (Toca Hair Salon 2)
1529816,逐鹿狂刀-蹲红名，虐BOSS
1558623,旅行青蛙.中文版
860670,Toca Hair Salon 3
1408411,我的好饿的毛毛虫 AR 版
163830,Just Press Record
1553149,Die With Me
148746,百挂成仙(单机版)
1559972,层叠消融-偶消奇不消的智商挑战
1557277,VPN - Sun VPN Unlimited
1109358,脑王争霸 体验江苏卫视最强大脑经典项目
1558355,西游之百仙朝圣——卡牌策略手游大作
1520688,达喜斗牛-高手斗地主真人版
1555108,三国霸王联盟-虎啸龙吟惊天变！
1322070,五色合一-休闲益智考验最强眼力
465590,破坏神降临-懒人挂机休闲娱乐，好玩不费脑，轻松爆极品！
1503294,野蛮人-战斗一触即发
6469,Mountain
1561579,剑侠情：青云剑侠情缘经典手游
1530908,BFT - Bear Focus Timer
1489250,Where - 超易用物品收纳和管理
1561588,血染皇城-热血爆装勇者称王!
1545428,三国武神:一吕二赵三典韦
1556344,上古之战-全新3D魔幻永恒巅峰动作手游
1564293,神仙缘
1552750,三国赵子龙-全景3D卡牌策略手游
1553971,三国志：群英传
900131,蜀山风云
1403111,武圣关云长-千里铁蹄一把关刀闯三国
1526720,部落之争
1560199,剑仙物语-仙侠动作手游
1528395,单机-传奇之战
1506435,憎恨之心 - 独立版
1561555,VPN - Fast VPN Proxy Browser
1514931,开天战纪-3D蜀山修仙玄幻手游
1558643,Thumper: 口袋版
1097889,Motion Maker
1507882,航海英雄传说-日漫二次元国民冒险RPG手游
775477,青云传
1558915,王者裁决-经典传奇霸业手游
1554149,开天斩龙-打造王城霸业
1562784,VPN - 西风VPN
1569331,回归冰川-史前大部落集结驯服猛兽
1239777,战神之刃-兄弟聚首战沙城！
1560203,星陨传说
1459590,jodeo
1569602,三国塔防保卫战-热门卡牌手游
1566977,超级功夫全明星
1763,Due ～ 快速提醒＋定时器
1503226,塔防江湖2重制版-国风武侠塔防手游
1569171,怒斩-神兵传说
1569329,大三国-热血三国志策略卡牌手游
1451756,Pipe Lord
1567645,PAKO 2
1361180,变态军师战吕布-策略称王！武力制胜！
1568145,梦幻修图
1559000,CPU Master - Dasher Monitor
1498,Pocket Yoga
1314386,御龙九天
1571858,求生之日：24小时-生存类独立单机游戏
1570909,VPN - Unlimited VPN Fast Proxy
1498978,Toca Life: Pets
32362,亲觅-基于位置的精彩生活记录分享
1507403,Hello Notch - 耳朵壁纸
1388454,塔防-末日之战
2919,美食杰-家常菜谱大全(VIP版)
4108,内涵段子 (专业版)
5229,有数 - 重新定义计算器
1261601,照片合成器(双重曝光)-手机抠图神手
8049,健身计划达人 - 最专业的男士胸肌腹肌塑形私人教练
1574930,三国无双：三国策略卡牌手游
1575999,莽荒志-2018仙侠情缘之精品手游
39568,复图脉 － 照片扫描仪加强版
1474487,挂爆三国-挂机征战三国
1561177,A Design Kit
1561215,米加-森林拼图
1508349,Driving Zone 2
1514000,-look-
767982,大圣闯魔界 - 西游类横版闯关动作冒险游戏
1569406,兵临城下-争霸魏蜀吴
1360115,激流快艇3-畅玩版
2404,220首英文儿歌 - Kids Song All
1574506,狸猫 VPN - Green VPN
1574910,《世界名著精选》套装共50册
1578846,Florence
1472120,选择路线 - 测试智力，查看智力排名
476232,人体穴位—专业版按摩针灸神器
1578097,The Machines AR
1573384,人类:永不屈服 一败涂地Ⅱ  热门 手游
1407714,一骑当千2
1569845,魔龙诀-龙の传奇
445491,Poly
4896,易奇八字-算命占卜专家版
1236737,露脸-我的图标我做主，选桌面壁纸不再纠结！
1587158,三国铜雀台-新版策略卡牌手游
1570557,VPN-我的灯泡VPN
877565,Sago Mini 狗狗学龄前游戏
1450,Stylebook
1554116,手机号码定位-电话号码定位助手
8116,KTV唱歌技巧
1453836,像素大作战AR/VR  Pixel Gear AR/VR
1583405,阿尔托的奥德赛
1573960,权利与魔法-部落战争文明冲突
1559367,性好会员版-成人情趣交友社区贴吧
1568271,群侠风云-十四天书
1317722,Analog Seoul (模拟首尔)
1435692,我们之道 - Our Ways
1558394,全职猎手-百万英雄决战奇幻二次元
70807,英语口语8000句 - 读书派出品
63987,DailyCost － 优雅极致的理财记账工具
1341,iStudiez Pro – Student Planner
1249749,远方(LONER)
1551678,进化吧宝贝-二次元手游全新玩法
4654,WaterMinder®
1505581,腾讯WiFi管家（专业版）- 无线安全热点一键解锁
1591655,莽荒乱战
1487900,新概念英语2018全四册-英语听写助手
1590424,纸片少女
22678,四维空间
1572751,卡牌西游记-经典三国战西游
1591756,Evoland 2
1592699,大秦荣耀-正统帝国策略回合战争手游
942524,可以这很三国-只为热爱创新战斗的你！
414001,分形的奥秘
33319,NightCap相机
1557861,武林群侠传-武侠挂机冒险养成游戏
1553930,塔防大乱斗-自由放置闯关塔防
1592675,英雄之战-无敌的策略挂机手游
486688,百胜 鸡肉食谱亲的厨师和学习指南
8686,Zen Brush 2
1559560,斗兽战棋 (Tactical Monsters)
1511645,三国霸业曹操传-军师联盟虎啸龙吟
1596710,音乐世界Cytus II
1573540,猎神-魔物狩猎之觉醒
1463884,R6SS - 彩虹六统计
410915,小心驾驶-轻松随时玩公路快车
1320853,Resynth
1495950,江山霸业-攻城略地，一统三国！
264574,Wildfulness - 冷静你自己的心灵
1553424,VPN-极速VPN Master快车
1561360,极速VPN-优质路线轻松畅游版加速器
884433,Light+ AnalogCam
185334,格子RPG-迪亚布罗的回归
1527747,Let Them Come
1597780,The Bonfire: Forsaken Lands
1567151,闪电VPN-这是一款VPN高效网络加速神器
1553448,网金武侠挂机-武侠回合RPG
1569037,NetFly
44150,Pin - 剪贴板扩展
1494120,三国之王者英豪-经典热血战略单机RPG
7548,无尽大冒险
182530,Incredibox
249864,恋练考研英语-词汇识记与应用大全
1591702,蘑菇岛大冒险-梦幻冒险对战手游
1594733,IncrediBooth视频快照
1529917,Space Cycler
1218775,我欲长生-2017最新修仙游戏
1525384,因果奇缘
1592996,超级英雄联盟-动漫明星大乱斗
1213133,江湖任我行
1412422,暗黑军团
1604925,Death Coming(死神来了)
1577343,Movy 高清壁纸
1598735,天天来冒险:经典动作RPG手游
1574516,武器店物语
1605065,.projekt
1600106,全城封锁末日求生
990217,暗黑装备大师-爆好玩的魔兽风放置游戏
268592,全民修仙-玄幻修仙新高度 真人语音 团战不歇
266046,天天萌斗—超级萌红将免费领取，上千少年超级英雄形象，让你在多次元大陆享受卡牌萌斗罗乐趣
1598842,天域仙侠传-热门RPG之修仙策略手游
1223582,ZAD - 塞尔达传说荒野之息助手
1605411,勇闯彩虹岛:Q版动作RPG手游
1552694,蛮荒志-双修情缘玄幻修仙力作
1567297,Bring You Home
983819,岁寒输入法
1261230,Halide - RAW手动相机
87438,Exploding Kittens®
1601586,汤不热  - for Tumblr
9960,Doo - 协助你完成任务
1274026,英雄大陆—史诗魔幻PK热血手游
27810,1 Second Everyday：视频日记
1600717,葫芦娃：放置卡牌策略手游
1575169,挂机三国召唤师®奏响国风新篇章
1518045,挂机不累三国
1554127,烈火战神-情义帮战激情无限
1524490,风月宝鉴-官人我要
1610770,恋与世界-恋爱模拟游戏人生
1574602,精灵冒险王-Q版魔幻私服游戏
1613525,斩妖除魔录
1610934,Toca Life: After School
1553056,JYDGE
1610535,天刀情缘
1564944,挂机魔法门：英雄无敌挂机游戏
1613640,少年问情记-少年应天而生，逆天而行
1586812,单机-血战王城
1612581,票房大卖王-看完电影，来拍一部吧！
1391785,高报酬佣兵
1615513,OneScreen - 带壳截屏可以更有趣
1316115,少年群英争霸-横版三国策略手游
461111,Melodist 人人都是作曲家
1117330,Construction Simulator 2
1601931,唐门ol-首充即领至尊神器和绝版伙伴
1604932,上古神界传说-激情跨服自由交易
1545547,剑影逍遥-梦幻仙侠飞升手游
1529308,魔法门-荣耀
462596,Deus Ex GO
1350834,比划卷尺
1612584,了不起的冒险:秘境传说
73636,你必须造一艘船
1544745,剑雨轩辕-御剑红尘情缘世界
1574556,逆仙绝道.仙侠动作修仙手游
50451,Colored Pencil
1619289,城堡传说2外传：魔王觉醒
1613502,Sphoto - 超酷混搭风格滤镜相机
1528064,趣味决策板
1607362,whale vpn
445575,龙纪冒险棋
1578072,LiveUseful
1019603,新金庸群侠传
1457927,BestWingy
390836,LookUp: An elegant dictionary
1416727,扫描翻译大师pro-OCR图片文字识别翻译
6498,80 Days
1618978,我的秘密恋人：2018全新真人视频恋爱养成游戏
1503981,Nihon
1558289,众神之陨-单机魔幻回合制RPG游戏
1457633,暗黑Ⅲ-英雄无敌
27682,Distressed FX
1605320,ShadowPocket
101486,口袋学院物语2
1622236,三国降魔录-单机游戏
1622254,VPN - 西风VPN，方便快捷
165787,A Good Snowman
1557942,MyScript Calculator
1623409,原始旅程
1118305,兽人守卫战：英雄杀魔爆神装
1616985,重回部落-梦回史前石器开疆年代
1622729,冒险梦工厂:Q萌梦幻炫舞动作手游
1516524,SOVS - Composition Camera
226885,Rush Rally 2
1608997,宫·情
1623233,吞仙志-梦幻仙侠之旅修仙手游
1544743,青云传奇-大型梦幻修仙即使手游
1623165,圣殿春秋
1350043,VTLMaker-传输、保存Live照片如此简单
447373,Moji Maker™
185652,指尖浏览器Pro版
1462073,PLOT
2931,Muscle Premium
1461014,Starman
1513849,江湖六六六:武林风云录
1601755,精灵对决-二次元萌宠大乱斗
187987,天天快报(专业版) - 腾讯兴趣阅读平台
1545707,纵横三界-国民级3DQ萌回合手游
1630341,蜡烛人
9129,Ys Chronicles II
1513289,谁能挡我–激战三国策略卡牌手游
85428,Octodad: Dadliest Catch
1253039,什么鬼暗黑
1572810,三国风云霸业-无双猛将激斗
1626134,美女的贴身高手-梦幻修仙执掌三界
1601860,超级三国志-精品单机三国手游
1630913,仙侠第一放置·金丹初成
782517,SteamWorld Heist
1523193,吞食天地孔明传之吞食九州
1606397,不速之客-Gatecrasher螺旋宇宙漂移
1629468,北斗地图-专业卫星导航和高清离线地图
1629936,大秦江山私服：大型帝国策略游戏
1161912,仙侠风云录-经典仙侠单机回合RPG游戏
1474756,金古群侠传-夺宝中华2
1593706,修仙奇迹青云志-热门仙侠修仙的仙侠挂机游戏
1632023,机甲大乱斗
48749,Yoritsuki
1474405,A Boy and His Blob
1424570,左右江湖
1631746,四大名捕-决战神侯府，名扬天地间！
1561210,奥特曼传奇英雄VIP版-下载赠送五星英雄
192494,武林大萌主-手刃尹道长（梦回射雕激斗天龙畅游倚天的单机武侠冒险）
1527554,战争与秩序OL-混沌战场列王战争
78690,幻影魔龙团-魔卡领域大冒险
1342896,Pigeon Wings
1227611,克拉壁纸
1560757,君临三国-最火三国军团对战手游!
1627946,热血猛将传
1628857,单机三国霸业-经典单机回合制游戏
1576861,极品仙丁-我为书狂修得三世情缘
1634899,梦幻龙族 - 正版授权
1369776,五虎真三国-经典套路boss社交对战游戏
1636442,三国热血战神
265798,庞然巨物: 世界大威胁
1631749,烈火传世-3M小包，复古版归来
5548,GoodNotes 4
1164872,凡人仙行录·国风修仙好玩不累
1424608,极速剪辑 - 视频剪辑 &amp; 视频编辑制作
466035,天天打魔神-登录领超强小精灵，随身带你体验大话传奇梦幻奇迹
1575871,仙界独尊-2018修仙私服
1033728,魔王召唤
157189,笑江湖
1636359,铁血武林2-唤醒你的武侠梦
1597013,逃生力场-保护气球: Keep it Rise
1557466,三国X机甲
699812,Feelca T
235439,World Clock Pro Mobile
1623422,三国塔防军团
1556353,纳妾纪 - 风流官途之后宫养成游戏
1638443,战神复刻—微端龙城激斗游戏
1625378,群雄鼎力——攻城策略原创手游
1558608,Stack &amp; Crack
1572385,王者永恒:军团冲突-大型RPG魔幻网游
1635283,魔塔2000
1631680,幻想纪元-抖音最火魔幻巨作
1602759,乱世霸雄-全自由实时沙盘策略国战
483055,激斗西游-指尖微操的格斗体验
1634586,三国策略单机-策略挂机游戏
1499575,小小警察
1606909,挂机江湖录-武侠回合单机游戏
1170027,超神名将传：激战三国
1634718,龙之风谷-清新竞技团队合作手游
1638505,绝地仙剑-最火仙侠双修手游
1276657,永恒传奇
975193,武林群侠大乱斗-挂机夺宝666
1641749,绝世沙城-烈焰屠龙霸业手游
1642781,无相 -  原生化浏览器
1643765,幸存者危城
1237030,武林盟主－金古武侠传奇
188995,Real Drift Car Racing
388319,灵域幻想-2016全民回合制MMORPG手游
254858,月灵之歌-东方弹幕射击RPG、首创手势技能
1448917,"Peace, Death!"
1578101,百万妖灵王 - 2018超萌归来
1586813,龙の烈焰-攻占皇城
907340,神鸟之谜
1645212,Time 时间卡
73404,豪华大游轮物语
141904,Pennies – 个人资金、预算和财务管理工具
1641971,萌将无双-人气动作卡牌手游
1645704,三国大战神-传奇英杰争霸手游
4588,Hero Emblems
1528096,三国：风云霸业
1642983,狮子和老鼠 - 儿童音乐创意游戏
1642458,经典三国志：群英争霸
88221,Silk 2 – Generative Art
280546,Lanota
1647088,考上状元就回来娶我吧
1643800,逃生力场-逃生立场:Keep it Rise
1640249,书灵召唤-像素物语
2585,Infinite Flight
1555122,勇闯三国-2017年热门经营策略手游
472196,Cutisan-壁纸制作
