484312,B612咔叽 - 点缀你的自然美
109,微信
535,QQ
173,王者荣耀
278551,王者荣耀助手
45155,ofo共享单车-智能无桩好骑
166650,摩拜单车-好骑可靠的共享单车
1430,支付宝 - 让生活更简单
1744,淘宝 - 移动购物，生活社区
1791,爱奇艺-芸汐传全网独播
438,腾讯视频-扶摇独播
2478,"高德地图-精准地图,导航出行必备"
2059,"美团-吃喝玩乐,尽在美团"
7571,Faceu激萌 - 新版自拍更美哟
190,酷狗音乐-《无限歌谣季》官方音乐APP
4098,BeautyCam美颜相机
1104,QQ音乐 - 发现・独家正版好音乐
1101,WiFi万能钥匙-Wi-Fi安全一键连
2006,美图秀秀
182,百度
1760,QQ同步助手-手机通讯录安全备份管家
1981,京东-挑好物，上京东
1451,优酷视频-世界杯赛事全程高清直播
6799,全民K歌 – K歌短视频互动平台
4055,网易云音乐-音乐的力量
1519,微博
2375,百度地图-出行导航必备的智能路线规划软件
3502,百度网盘
3583,滴滴出行-滴滴一下，美好出行
2252,快手
973,QQ浏览器-王卡免流量看视频直播
1087,"饿了么-外卖订餐,美食30分钟到家"
6929,搜狗输入法-语音输入文字扫描
1022,携程旅行-让旅行更幸福
3997,UC浏览器-世界杯精彩短视频头条资讯抢先看
2603,QQ邮箱
5991,美拍
526,腾讯新闻-事实派的热点资讯娱乐短视频软件
115,欢乐斗地主
9397,拼多多-多多果园种树领水果
3274,今日头条
5367,"美团外卖-外卖订餐,送啥都快"
991,唯品会 - 全球精选 正品特卖
4420,芒果TV
3030,"闲鱼-挂闲鱼,闲置能换钱"
279316,VUE 视频博客
3952,中国移动（手机营业厅）
3710,铁路12306
106,掌上英雄联盟 for LOL
369,哔哩哔哩-弹幕番剧直播高清视频
849972,弹弹堂
133,开心消消乐®
1778,中国建设银行
5992,in-我的生活in记
2688,58同城-招聘找工作兼职租房二手房
3528,平安金管家-值得信赖的移动财富生活管家
8717,潮自拍-潮人必备拍照P图相机
508860,抖音短视频
2009,中国联通手机营业厅客户端(官方版)
476,大众点评-分享你的潮生活
413,天天P图-又美又好玩的全民P图软件
598,中国工商银行
1159797,像素世界 我的游戏中文版免费hd2
1173407,妖神录-2017Q版回合制快乐修仙手游
690938,哈罗单车-全国免押金
2337,MOMO陌陌
1195256,"节奏大爆炸-BIGBANG成员代言,全明星音乐游戏"
853173,修仙情缘-倾心打造的跨时代ARPG手游大作
4147,虾米音乐-听见不同(阿里出品)
914588,酷骑单车
927801,迅雷7下载器app播放器新
4022,酷我音乐-畅听无损好音质
1183566,魔域神曲-大型即时动作魔幻ARPG手游
8551,转转二手交易网-一个帮你赚钱的网站
1201979,刀剑情缘-三生修仙三世共叙前缘！
2641,同程旅游-订机票火车票酒店门票
6244,喜马拉雅FM「听书社区」电台有声小说相声评书
268763,贪吃蛇大作战®-等你来战！
1198863,Transformers Rescue Bots：灾难来袭 - 英雄路跑
1157798,三国英杰传：热血群英三国志传奇演义
1207831,天龙英杰传-江湖风云，争霸天下
5398,小红书 - 标记我的生活
1178614,小小三国-经典策略卡牌手游
1027,腾讯手机管家-电话防骚扰专家
1167959,剑风传奇-8090不容错过的全新3D力作
498,球球大作战—周冬雨暑期陪你大冒险
117,腾讯欢乐麻将全集
1034,农行掌上银行
372,穿越火线:枪战王者
1802,去哪儿旅行-机票酒店火车票和门票预订
960,探探－超火爆社交App
1581,QQ空间
1201411,DNF助手
4212,WPS Office
1726,汽车之家-2.2亿家人都在用的汽车App
3136,手机天猫-理想生活上天猫
1182847,CATS - 喵星大作战
3014,唱吧-手机KTV短视频
1019,Keep - 自由运动场
596,工银融e联
46687,国务院
9282,交管12123
7112,钉钉
1197593,仙灵奇缘-梦幻修仙动作手游
1140837,傲世仙魔-匠心品质的3D仙侠新作
1201922,我的小弟叫岳飞-少年御剑闯天涯
888902,梦幻侠侣-比传奇还好玩的ARPG新游
1157504,三国群英战纪-英雄传奇战记手游
1155314,妖怪传说-超爽体验的3D动作ARPG网游
181,安居客-二手房、新房、租房的找房助手
1182675,经典捕鱼－上线送金币棋牌电玩大全
1083,天天快报 - 腾讯兴趣阅读平台
1181947,三国噬魂录－群雄争霸逐鹿中原
1206295,电玩老虎机-欢乐捕鱼万人电玩城
3052,驾考宝典-驾校学车考驾照必备
1847,中国银行手机银行
9696,买单吧-交通银行信用卡
1836,掌上生活-新人领666元大礼包
1199269,欢乐达人捕鱼-全民经典欢乐捕鱼游戏来了
1199390,开心捕鱼大亨-高倍夺宝打金币
6191,悦动圈-跑步计步领运动红包
5669,派派－像偷菜一样偷红包
958,招商银行
2142,知乎 - 有问题，上知乎
3190,宝宝树孕育-妈妈备孕怀孕伴侣和母婴育儿助手
6542,京东金融-新人领888元大礼包
2168,墨迹天气 - 关心天气更关心你
957,乐视视频 就视不一样
1108026,万能钥匙苹果版-无线网wifi密码破解
2390,飞猪旅行-机票酒店预订和旅游攻略推荐
1150333,烽火三国传奇：万人国战策略战棋手游
1179256,我欲诛仙-激战青云秘境
1192170,梦仙缘
1045978,捕鱼电玩城-玩法最全的电玩城
1150236,欢乐捕鱼达人[官方版]
1210968,英雄之无敌魔法-挂机传说策略手游
1142295,万军争霸-万人国战策略手游
1105209,人人车 - 二手车买卖平台
1217005,绝代战神-东方幻想修仙网游
886878,剑雨星辰-玄幻修仙RPG手游大作见证掌中传奇
1204317,谋略九州-激情三国实时策略乱斗
1180324,斗战修仙-3D仙侠大世界
2081,网易新闻-体育新闻足球头条抢先看
491,途牛旅游-让旅游更简单
1195284,上古战歌-传奇式打宝PK魔幻3D竞技手游
1204319,大富豪炸金花-经典疯狂诈金花精品版
841989,逍遥修仙-掌上360度自由视角经典仙侠动作游戏
1211218,风云诸侯-真三国志策略回合手游
874649,剑客尘缘-爆时装爆神器玩的就是爽
1100651,王权霸业-三国正统攻防国战策略手游
1189482,现金秒贷-嘉银卓越财富旗下
2480,广东移动手机营业厅
1211287,幻灵仙侠-无锁定自由战斗仙侠动作手游
33640,钢琴 3D - Piano 3D
72075,mo9
7505,欢乐狼人—热门综艺推荐的PK小游戏
861639,狼人杀-有点烧脑的社交推理游戏
1138844,三国之怒斩千军-3D终极国战手游
1160582,仙魔战记-仙侠迷酷爱的动作PK手游
881733,异域修真-10倍爆率全身神装不是问题
6825,百度外卖-品质生活，安全送达
1213216,征服者-帝国争霸皇室复兴
1215184,大富豪电玩城-街机电玩游戏合集
1221987,大唐寻妖记-择天问道成就修仙传奇MMORPG
1218770,卧龙传奇（三国志手游）轻松游戏，指尖称王！
1182483,仙道问情-独创PK新玩法的御剑情缘手游
1207806,仙凡情缘-西游修仙经典策略回合手游
1074105,二手车-个人买卖二手车直卖交易平台，放心购车
1200559,仙剑奇侠传幻璃镜（群妖共逐-盟会战）
1210296,晓希炸金花
997625,聊骚-约会无底线，交友不设限
1214627,借点钱极速贷
438267,北京赛车pk10-开心玩游戏，免费赚现金
1207057,多彩彩票
1126244,天仙剑-无双仙侠仗剑天涯
1202825,256彩票  — 专业彩票购买，就用256彩票APP
1215349,小说大全-让阅读成为一种习惯
2385,咕咚-你的跑步健身运动圈子
1197573,大富豪捕鱼-街机捕鱼游戏大厅
1213178,战争之王-最热帝国军事策略手游
1219685,全民捕鱼游戏厅-斗地主、捕鱼等精品游戏合集
1122775,妖魔纪元-单反级画质超美仙侠手游
1195368,逍遥捕鱼-2017最火爆的街机捕鱼游戏
1223882,龙啸九天-告别单机作战热血仙侠RPG用心之作
1201228,小小仙界-3D幻想卡牌手游
1223172,神魔诛仙 - 热门梦幻修仙传奇手游
1040995,天天炸金花－2017爆款真人棋牌游戏合集
1219023,帝释天下-剑指云天只为成就奇迹最强者
1224664,大唐荣耀-再现大唐盛世回味王妃传奇
8011,映客-直播你的美
1211040,口袋暴龙兽-蓝宝石版
1215811,逆转三国志-3D卡牌王者争霸
1227860,黎明觉醒-二次元少年聚集于此
1152941,深海打鱼－捕鱼系列经典合集
1125857,老虎机大亨-休闲棋牌扑克游戏合集
1143447,逍遥派-复古风 冷暴力 后现代武侠
1222237,魔卡三国-一言不合让你爽爆三国！
1122441,炸金花㊖
192495,中国人寿精选（医疗保险规划），健康之路助手，医生专家问诊咨询，看病就医预约挂号
915352,OK彩票-重庆时时彩·新人壕礼都在OK彩票
1162807,仙魔飞仙
1214120,梦幽魂
1226830,情义天下-告别单机作战千万玩家热血PK江湖
1224850,天使幻想挂机版：首款创意放置类挂机游戏
39622,小猪—民宿短租酒店公寓，就找小猪
841621,"天尊传奇－装备靠爆,赤月终极"
1224963,ONE兔-兴趣爱好社交达人的社区部落
1150477,墨迹天气Pro
1201434,北京赛车PK10-PK彩票高倍率手机彩票APP、新人免费领彩金
456962,僵尸前线4：Zombie Frontier丧尸射击手机游戏！
1227672,一元夺车（官方版）-全民1元抢宝马奔驰
1059387,云端金融周年版-国资系理财平台
1227694,多彩D55
1220104,一元夺宝（新人版）-新手注册领红包
456915,信用钱包Pro-小额贷款神器，最快1小时放款
1218753,真人炸金花-炸金花之至尊对决
1146662,万人•炸金花-经典老虎机电玩城疯狂大赢家
1201807,大王直播show
1224606,魔狱奇迹-英雄勇者在魔幻世界大冒险APRG
1223979,乱斗先锋 - q版英雄养成格斗pk
3602,去哪儿攻略—查旅游攻略，订机票酒店
1052556,传奇挂机-私服世界霸业手游
1200303,至尊炸金花-疯狂真人三张牌欢乐版！
1206294,万炮捕鱼3D-超级火爆的掌上街机游戏合集
1748,艺龙旅行-订酒店机票旅游攻略
914580,无双三国志 - 2017最爽快动作卡牌PK游戏
1161560,大皇帝-朕的天下
1020024,今晚约：帅哥美女聊天、交友、约会神器
1211862,水晶直播-全民手机交友软件
1227740,Autosplit
1179336,神武纷争
922650,Little Kitten
1168574,欢乐购-游戏版全民一元零钱购物
854029,体育彩票-支持竞技彩票和福利彩票投注
278263,"满贯捕鱼加强版-经典捕鱼游戏欢乐升级,全民畅玩赢壕礼"
2451,搜狐视频-法医秦明1、2两季独家连播
1216661,传奇大陆-经典复刻版 盛大上线
1225558,Hello Kitty 音乐派对 - 可爱又趣致!
1224102,疯狂炸金花-真人炸金花，欢乐大赢家！
1119502,东方彩-快三专业版
192257,饥饿鲨：世界
1226321,人人二手车－黄渤推荐，靠谱划算
1225361,蛋蛋军团-Q萌休闲竞技手游
1227863,迷宫追逐
5737,作业帮-中小学搜题答疑辅导利器
1206148,人人车-专业二手车交易平台
9211,滚动的天空
1217732,迅雷7app下载种子播放!
504423,去哪儿特卖-订机票酒店火车票门票
2261,360手机卫士-电话短信防骚扰拦截安全助手
1119357,紫马理财新手版
988906,超变私服-经典热血私服手游
1182531,小说阅读时光-享受阅读的快乐
510898,云集VIP - 全球精选超市
823409,天龙八部手游
923853,"学生日记直播-清纯校花唱歌,制服诱惑热舞"
2755,国美-享生活 惠购物
2077,苏宁易购-冰爽节 清凉一夏
2991,阿里巴巴(1688) - 买卖家批发采购的专业市场
4833,洋码头-购在全球
8761,得到-知识就在得到
1242832,大神彩票
1222427,修仙萌宠
1243055,皇城伟业-激情攻城 自由交易
1238615,上墙
749,遥控精灵-手机万能遥控器
18901,"驴妈妈旅游-订景点门票,选机票酒店"
1182059,口袋娱乐城－老虎机棋牌大全
1241651,热血战记-屠龙再现沙城争霸！
1017124,孤胆车神：新奥尔良
1238728,Timber Tennis
324,最右
36356,携程青春版-酒店机票火车票学生特惠
1004407,重庆时时彩 - AG33.COM 专家分析精选
1235700,pp助手 免费苹果手机助手
776366,荣耀助手 for 王者荣耀 - 最强符文装备攻略
181415,闪电降价-品牌折扣商城
6406,WiFi钥匙-万能安全的wi-fi钥匙
1107061,全民街机捕鱼-经典电玩打鱼游戏厅合集
1137039,一元夺宝-官方认证零钱购物神器
1232999,真钱老虎机—超爽的777拉霸电玩城
1131365,江湖热血武侠ol卡牌:最新热门挂机游戏
179355,平安口袋银行-信用卡贷款与理财投资的金融平台
143,部落冲突 (Clash of Clans)
3113,内涵段子-精选搞笑图片、视频
3147,翼支付
180214,企业微信
1249562,碧蓝航线-战舰拟人即时海战手游
6826,滴滴车主-滴滴优步司机招募
1111914,捕鱼娱乐城—经典打鱼21点等电玩城合集
1199561,钢炼之路-最新日漫风格回合制卡牌手游
1256571,贤者之石-超火爆动漫ip改编
1249422,神圣帝国-2017年度全球策略类大作！
275208,皇朝霸业-真三经典再现，2016年震世之作！
1249884,怪兽消消消-设计豪华飞艇
34272,平安好车主—买保险、办理赔、享服务
4183,和包支付（和包官方客户端）
951811,海滨消消乐-何炅力荐，爆爽消除！
1084199,Zombie Gunship Survival
1812,土豆视频-个性化搞笑短视频
275250,疯狂动物园-极速跑酷新旅程
810620,爱奇艺纳逗-最全短视频
1213077,传奇x御龙英雄:热血皇城霸主手游
2305,爱奇艺PPS
1254862,帝王雄鹰-17年最新战争策略手游
364,斗鱼直播-热门手游高清在线直播
1149,当当-购物享当当
1228560,迅雷9 - 下载器支持在线种子播放
4216,云闪付-银行业统一移动支付App
6382,Hello语音交友
1037747,阴阳师助手-网易游戏官方出品
1092348,SUP 多人赛车
1239369,你胖你先吃
32609,大学生轻社交 tataUFO
1196,魂斗罗:归来-夏日狂欢
731010,纪念碑谷2 - 免费休闲益智街机游戏
1262459,迅雷7app下载播放!
942017,铃声大全-铃声
1261932,苹果助手PP助手正版app
4656,飞凡-逛见喜欢
1239067,众乐斗地主
6397,FRAMED
449971,企鹅电竞-腾讯游戏官方直播平台
1257049,骑士文明-经典帝国策略SLG手游！
1262847,皇家老虎机—拉斯维加斯角子机合集
1271915,萌战三国-真三国群英争霸策略游戏
1270703,太极熊猫3：猎龙
1257632,久久游戏厅-澳门版
1197620,秦时霸业-春秋战国题材的策略战争竞技手游
1272196,奇幻仙侠-最梦幻的修仙手游游戏
1241449,夺宝捕鱼2017-玩了就会上瘾的掌上捕鱼游戏
1267006,爱的炼成术-登录即送十万钻石
527,腾讯体育-NBA英超CBA高清直播
1276402,老虎机OL-火爆澳门赌场的老虎机游戏合集
1248701,大富豪娱乐城 - 全新拉霸老虎机娱乐游戏合集
1094175,梦幻捕鱼金龙版
1186717,兵临城下-全新挂机三国攻城策略手游
1062369,夺宝捕鱼疯狂版-你没玩过这么赚的游戏
1264008,风暴三国
1263451,迅雷7 - 下载海量app影音旋风
1241133,寒冰皇座 -燃烧远征艾泽拉斯
475803,盖世豪侠-极炫武侠卡牌手游
1267502,仙魔世界—情缘交织渡仙尘！
3096,高铁管家 - 火车票机票云端自动抢票
1233152,新华字典-商务印书馆官方正版
1241452,大富豪斗地主-斗地主、捕鱼等精品游戏合集
7816,约单
7210,必要 - 买大牌制造商产品，上必要
544774,adidas CONFIRMED - Sneakers
1279025,迅雷7下载app播放-
4084,返利-专注网购省钱的APP
6072,微店 - 回头客私藏好店
800731,英雄战歌
1280736,帝国先锋-南征北战开疆拓土
1274731,暗黑神殿-首款双卡组合对战手游！
1280606,群龙争霸
937,菜鸟裹裹 - 快递随时查寄取
1280212,天剑之刃-唯美刺激的仙侠手游
1283267,风暴部落争霸-联盟英雄
1283250,商战帝国-玩转金融地产圈
1248629,热血超变私服--沙城屠龙 荣耀无双
1252354,黑暗之王—2017年魔幻3D动作RPG热门团战手游！
1282592,热血少女-武侠萌妹激萌乱斗手游
1286397,机甲护卫队
1278208,大武神·修仙记—梦幻仙侠挂机情缘手游
1263049,天使童话挂机版：首款创意放置类挂机游戏
1286375,恶魔再临--3D炫酷兄弟手游
42438,10086-中国移动出品
89746,网易严选-新人可领取1000元优惠券
1211269,剑影三国-3D动作游戏之梦幻侠情
1247537,口袋水果机-经典街机拉霸游戏合集
1248593,仙侠大陆传奇-唯美梦幻修仙手游
1288094,战场的少女-连续登陆送顶级红将
1053765,Asphalt Streetstorm Racing
7788,网易考拉-新人领取1000元优惠券
440266,西瓜视频 - 搞笑娱乐视频
2474,下厨房 - 美食菜谱
885995,炸金花-真人疯狂炸金花皇冠游戏
1291422,妙斗三国 -2017经典之作策略手游
6774,智慧树家长版-国内领先的幼儿成长产业云平台
841244,魔法门之英雄无敌：战争纪元
4471,美柚月经期助手-女性备孕怀孕育儿社区
428619,河北省教育考试院
854706,Galaxy on Fire 3
1292617,小马宝莉彩虹跑将
1155004,安全教育平台
1084343,炫动城市：城市建造游戏
2666,百度贴吧-全球最大中文兴趣社区
3727,淘票票——淘出好时光
1248863,豪门足球风云-FIFPro官方授权3D掌上足球手游
1276883,战舰猎手HD
1288259,众娱百家乐——周星星推荐游戏
1292530,幻想挂机-全民挂机休闲游戏
1285701,列国纷争-战火连天群雄并起
1283358,火武至尊- 经典私服霸业手游
1228435,捕鱼猎人3D-真3D超炫捕鱼游戏
1222417,天天屠龙-好玩的英雄合击版手游
1281413,骑砍与攻城：风云再起战三国
1291212,沙城霸业-开局一把刀，三天成土豪
1280237,梦幻老虎机HD
1292541,挂机无双-时下最火的三国挂机手游
1059920,手机对对碰-好玩的都在这里
1229659,美人如画将无双-3D街机游戏的极限斩杀
1268403,童话幻想挂机版-掌上轻松打boss挂机游戏
1292211,剑指江山—策略城战一统天下！
802511,秘密关系开始啦～短讯风格恋爱游戏～
1281666,见龙卸甲—武神再临三国乱世！
1273266,乱世仙侠-2017唯美梦幻仙侠手游巨作！
1244705,熊猫老虎机 - 欢乐熊猫水果拉霸全集
1287085,王者复兴-最强回合制策略手游
1283101,暴走妖精-全网最搞笑，卡牌大乱斗
1288444,剑仙情缘—真3D绝美仙侠手游
761193,麦当劳Pro
43288,SuperVPN
1156336,天行VPN - 无限流量网络加速器
1190778,迅雷网盘下载神器 - 免费播放器影音app
694,宾果消消消®
559,钢琴块2™
1301888,Monkey Ropes
833919,欢乐球吃球
4377,人民日报—有品质的新闻
1267349,优看侠
1311632,Hello Kitty 美食小镇
2701,秒拍-超火爆短视频分享平台
1286773,Enlight Photofox：照片编辑器
1274733,屠龙无双-经典再现决战沙城
508602,全民海战-经典航海策略RPG
1299225,皇朝特工-史诗级武侠动作手游
1307063,迅雷 - 快如闪电
273,神偷奶爸 :  小黄人快跑
1200703,人人影视PRO
872753,跳舞的线（Dancing Line）
1321230,梦间集
1304485,魔幻天堂-幻城魔域动作手游
1310813,梦回莽荒-十年经典再创3D莽荒
823982,铁血风暴-经典二战剧本，坦克战争一触即发！
1319206,深渊之门-经典魔法卡牌类手游
1312997,Laps Fuse: 数字解谜游戏
225,轩辕传奇
1237516,金太阳
6367,平安普惠-中国平安集团联营下属公司，手机借钱神器
6732,快看漫画-高清正版漫画流畅看
1329504,Leap On!
61560,必胜客Pizzahut-会员专享餐厅和宅急送外卖优惠
1325986,迅雷下载播放monster!
1323797,将无双-怒斩三国RPG手游
1304504,西游弑厄录-乱斗三国 策略制胜
278942,环球捕手 - 带你吃遍全球
1328304,心悦俱乐部
1223650,狼人杀-饭局狼人杀
1335771,Strawberry Shortcake 草莓甜心：冰激凌岛
1323271,影音先锋手机
9790,最囧游戏2
1033390,探险小狗
276957,汤姆猫跑酷
1318330,搜易借贷款-极速分期借钱
1275490,热血三国无双：卡牌三国志挂机游戏！
74211,最囧游戏
1328972,热血战神-再创经典手游传奇
1335706,热血斩龙——沙城斩龙经典手游
3134,聚美优品 - 优选好物，精致生活
482605,寻仙
1334145,乱世王者-万人国战策略手游
1178048,我要做皇帝：王者群英对战游戏
2436,玩图 - 美妆P图相机
1907,马蜂窝旅游
1084340,《Mini Dayz：僵尸大生存》
104,CF掌上穿越火线
1315482,星际狂飙
1343898,三国志·赵云传
1333202,仙灵奇缘-蜀山修仙动作手游
1132670,一千零一夜-我的奇幻冒险之旅
1329200,全民玩三国—国民策略卡牌手游
32436,地震预警
1228642,Snake VS Block
1352260,神代梦华谭
955173,免费小说大全-100万小说免费阅读器
1354565,"迅雷 - 在线精选影音视频,老司机找片看片神器"
1351963,Silly Walks
1358243,超级炸金花-澳门版
975520,武林豪侠传-送九阴真经倚天屠龙
1360366,魔域幻想-全新魔幻手游巨作
1274016,十万个小伙伴 - 佣兵探险奇幻旅程
1334321,少年主宰-3D大主宰玄幻动作卡牌手游
1355818,挥舞吧！玄天剑-神装天天爆
1286031,乱世王者
1301740,"血染龙城-屠龙盛世,开创沙巴克新时代"
1349463,玄剑飞仙-全自由PK爆装仙侠动作手游
1358258,地城历险记-奇幻世界的冒险历程！
1359428,天之境界-引爆日系二次元大冒险之旅
1360941,汉末春秋
1360665,名舰军团-策略海战王者争锋！
4646,智行火车票 for 12306火车票官网
1904,链家-二手房租房新房专业房产交易平台
736,JJ斗地主
5376,沪江网校-在线学习移动课堂
1183066,Car Driving School Simulator
1330584,FaceDance Challenge!
1803,凤凰新闻-有料的热点资讯、娱乐短视频
185483,熊猫直播-热门游戏高清赛事直播
2761,QQ阅读-拥有海量热门小说、漫画的电子书阅读器
5253,Tadaa SLR
1318963,橘子国际
547934,3D 狙击刺客：第一人称射击手游《Sniper 3D 网游》
2691,航旅纵横-官方航班动态、手机值机、机票
1066163,变形金刚：百炼为战
4518,更美-美容微整形案例分享与特卖平台
184992,迪士尼梦幻王国（官方正版游戏）
1364357,全民童话挂机版-热门创意放置类手游
1353689,点将三国 - 点将出击战天下
1372429,剑道恩仇录-年度热血剑侠手游巨作
1252365,王者烧猪 - 热血激战，挑战极限！
877425,弓箭手大作战
1023462,迷你世界-发挥无限想象力
1343753,最终兵器计划：二次元卡牌大冒险
1343462,ohokay
1360652,破坏神之战：梦幻奇迹少年之翼
1241646,风云三国传-热血三国手游成就无双三国战纪!
1370858,复古热血:复刻经典征战沙城
1363738,蜀山風雲訣
1320374,传奇战迹私服-世界级3DMMO游戏
1358154,仙道西游-最热仙侠手游巨作
1370250,神龙御天-Q版萌宠的勇者冒险传奇
1363735,刀刀斩-沙城集结与兄弟共进退！
1364483,陆战风云-热血陆战王者崛起！
259,植物大战僵尸2
453208,弓箭手们
4292,狂野飙车8：极速凌云
1002149,恋爱之城：巴黎
316,保卫萝卜3
1173612,剑道独尊-传承奇迹经典书写PK传奇手游
2213,PP视频-足球解说大会全网独播
29433,PP体育-中超西甲英超高清视频足球直播
1375830,Busy Shapes &amp; Colors - 学习颜色和形状
1338674,超级电玩城-精彩有趣的马戏团游戏
1376488,真三国群英战记-和风巨制RPG手游
185491,火山小视频 - 分享生活，让世界为你点赞
44558,"怕怕—守护人身安全,GPS寻找我的朋友位置"
4002,肯德基KFC(官方版)-会员优惠券和宅急送外卖订餐
1377158,VPN - ∞VPN
1380868,上古仙侠
1143049,全民神仙挂机版-创意修仙放置类手游
8594,一起作业学生-在线作业更高效
6878,掌通家园-宝贝成长记录和父母育儿宝典
1383298,三国志君临天下-攻城国战策略战争游戏
1381979,天神之怒-热门经典仙侠手游
1264234,苍穹主宰-热血玄幻3DARPG手游
1343355,三国之美人如画-热血英雄闯江湖
1381011,单机红月-经典复刻娱乐挂机游戏
1232328,江山美人传-经典历史挂机游戏
1384606,笑傲天下
1382679,三国王者传：热血策略卡牌游戏
1381648,魔法禁书目录-吃呱大佬等你来战
1345150,逍遥修仙传-热门动作修仙rpg手游
1286996,幻想世界·二次元游戏：最新动漫回合制手游
1330397,三国战记热血卡牌：回合制卡牌游戏
504351,邮乐小店
1382561,Noblemen: 1896
1420,央视影音-2018俄罗斯世界杯高清直播
6858,纳米盒-专为小学生设计的智能点读机
1382028,凯蒂猫和好朋友们
269,神庙逃亡2
277149,CSR Racing 2
6862,家长通-一起作业专业家庭教育平台
1380679,热血龙城传奇-王者争锋成就霸业
58877,乐天免税店 (Global Ver.)
1336134,爱作业-1秒批改口算作业
10516,葫芦娃-正版授权手游
2830,邮储手机银行
1387800,真三国赵云传-热血国战手游
1353210,大话三国-神将荟萃爆笑大乱斗
1531,网易有道词典-文言文翻译
1137221,街机电玩城下分版-万人街机之老虎机娱乐场
763680,飞卢小说-原创小说及电子书阅读器
1390976,英雄秩序-热门策略RPG手机游戏
1367529,十万个冷笑话2！
1391239,赤月至尊-万人皇城争霸rpg游戏
1378833,龙神战歌-年度最新3D魔幻手游巨作
1302137,永恒黎明-魔域王者对决
1383531,幻想挂机-奇迹童话放置类手游
1175573,超神乱斗 - 全新角色扮演回合制新游戏！
1365015,三国英雄传·塔防游戏：龙翔传奇战纪
1388741,雄霸三国之风云-策略三国争霸手游
1388792,英雄计划-Q萌二次元动漫RPG手游
1380249,帝国契约-震撼来袭
277195,广发银行信用卡发现精彩——开启信用消费新生活
1026,腾讯WiFi管家-一键连上安全WiFi
1382902,芭比时尚衣橱
1253939,德州之夜富豪版-可以赢巨额金币的扑克游戏
4899,MARVEL 蜘蛛侠：极限
1390355,Hello Kitty梦幻咖啡厅
894361,Hot Wheels: Race Off
1390437,推来推去
1197804,德州扑克金币版-天天一起赚金币赢大奖吧
1016104,天天德州扑克-2017年官方正版升级！
1383322,末世突袭
365,虎牙直播-游戏互动直播平台
1396801,王座战争-英雄传说
1389249,塔逗三国志-三国志策略塔防网络游戏
1396553,复古传奇 - 1.80开局一把刀装备全靠打
1362103,水浒X梦幻：经典热血回合制手游
1397551,三国群英传:霸王之业
1372929,梦道-浪漫回合梦幻修仙手游
1381129,风之战歌
1382378,口袋德州扑克（拼拼乐）
1241429,九州青云传-热血跨服激战手游
1362836,御剑修仙-梦幻修仙动作手游
1330414,三国赵云传:演绎群雄争霸
1381363,封神演义挂机游戏-好玩休闲
1359524,口袋英雄：刀剑精灵的大冒险
1227358,元气少女·二次元游戏：动漫3D回合制手游
1288330,进击吧魔王-污力觉醒一统三界
1398790,神将无双-轻策略梦幻三国游戏
1398429,北冥剑仙录-动作武侠修仙手游
1389128,盛世传奇-热血屠龙对战手游
1400249,名门传奇
1400294,屠龙来了-经典岁月传奇霸业未老
1391827,神奇宝贝 - 经典动漫改编手游
1396229,"赤月怒斩 - 战神归来,君临天下"
1387667,习惯养成班-新增洗手洗澡做家务过生日等趣味小游戏
7882,作业盒子小学学生端
1252233,Flappy Dunk
290,我的世界
1373722,超级捕鱼达人经典版
3842,有道翻译官-107种语言翻译
1397258,执剑江湖
821949,帮你贷-手机极速贷款 资讯App！
1655,Apple Store
984065,欢乐炸金花－2017最新版炸金花棋牌游戏
1353104,龙城争霸-征战天下成就传奇王者
1403135,热血仙侠传-年度经典修仙手游
1401738,热血荣耀 - 复古1.76自由PK动作手游
1291661,爱的炼成—登录送十万钻石
1402400,奥义三国志：华丽奥义 唯美和风
1393577,三国志塔防战纪-Q版卡牌三国战争网络游戏
1403172,德州扑克欢乐版-天天德州扑克大奖赛
1404238,王者复仇联盟-战营对立 王者复出！
1403031,通灵式神-秋日灯会
1398324,Drag&#039;n&#039;Boom
9811,无他相机
3800,超级课程表－大学生必备的APP
3626,百词斩-背单词、学英语必备
1404404,三国志·塔防手游-单机游戏轻松休闲
1236300,逍遥飞仙-热血修仙情缘ol
1406279,生化爆发
1347541,后宫：拯救女神
1406615,新电玩捕鱼——最高回报的返水电玩城
1406328,诸侯三国-经典三国策略手游
1252671,灯塔-党建在线
1403111,武圣关云长-千里铁蹄一把关刀闯三国
1284335,沙城风云-经典不灭，热血永恒
1347755,美杜莎-还原记忆经典！
1399207,盛世王朝-经典岁月燃情手游
1380918,火影忍者3D - 经典动漫RPG手游（送鸣人）
1362350,超级塔王-三国志塔防策略手游
1269903,打枪游戏-全民战地抢王打枪游戏
776918,创客云商商城
1388527,梦幻家园 (Homescapes)
1072102,剑与家园：巨龙时代
1405440,太子娱乐城-休闲百家乐for龙虎斗
2104,YY-全民直播交友软件
6356,（《极品飞车：无极限赛车》）
755477,狂野飙车：极限越野-拉力赛车游戏
2200,搜狐新闻-头条新闻资讯和体育快报
1257851,仙缘剑侠-剑侠传奇之热血王者
1279360,艺龙酒店精选-旅游攻略预订
1408078,川麻欢乐版-天天真人四川麻将搓翻全场！
1375158,剑仙劫-中国风武侠玄幻修仙手游
1280601,传世热血-热门私服霸业手游
1392155,雪鹰传奇：动作仙侠热血格斗游戏
1360597,傲世风云录-梦幻仙界再续仙缘
1280761,放开我师傅-最新q萌恶搞乱斗手游
1181556,部落PK联盟-魔兽再临，争霸世界0
1415527,飞机比赛 - 最爽快的空战竞技游戏
1339059,少年侠客行-江湖英雄谁与争锋
1415726,真三国·吕布传奇-群英传奇战记3D手游
1274779,疯狂捕鱼-经典电玩城捕鱼欢乐升级！
1407967,水浒江山—城战策略卡牌手游
1392336,小小兵团-无间策略烽火三国
1389562,龙城霸业（传奇手游）经典再现
1412599,浴血长空
83855,微众银行
1398178,战争艺术：赤潮
1419028,挂机不累三国：卡牌挂机放置类手游
1379636,街机游戏-好玩有趣的连环夺宝
1381949,萌娘骑士团-全新创意格斗手游
1170696,未来特工：精英计划
1414440,乱世风云-三国志加强版策略手游
1419211,塔防英雄传：西游策略游戏
1351883,三国传说：热门动作网络游戏
1411450,诸神OL-梦幻仙侠领仙缘豪情
1266599,童话大乱斗-创新回合制挂机手游
1354704,航海纪元-环球贸易探险手游
1255745,大话三国-热血神将群英荟萃
1415148,忍者大乱斗：绝地吃鸡
1271200,斗地主（斗地主大奖赛真人棋牌游戏）
1418119,熊猫博士小镇: 商场
1399621,醉苍穹 - 实时组队3D动作手游
6887,Workflow
1205533,挂个鸟三国:登陆就送橙将
1247507,永恒契约-传承辉煌荣耀时代
1224983,御剑凌云-仙侠手游
1239776,暴走西游记-终极神将PK 降妖伏魔！
1415728,武神赵云传：少年名将征战天下
1272442,风云三国志之少年战纪：攻城国战热血游戏
1288617,御剑降魔曲-一念修仙 一念成魔
1288766,大天使之怒-英雄荣耀魔幻挂机手游
1252364,部落风暴：热血联盟英雄争霸战争
1262778,神魔战迹-无限PK爆神装
805400,武娘-方文山徐娇联合推荐
1357830,剑仙诀-正统武侠风修仙手游
1392179,征战十三州—热血三国策略攻城游戏
1255552,奇迹屠龙
1379850,御剑诛仙-唯美修仙MMORPG
1281695,大闹天宫挂机版-2017最新放置类游戏
1321902,天天大冒险·送时装：最新动作冒险游戏
1422936,梦幻Q传：水浒回合制手游
1194350,御剑斩仙-经典动作修仙情缘手游
1237464,永恒神话-战神觉醒再战魔域
1276229,阴阳三国志：挂机战
1412260,青云奇缘-3D仙侠动作游戏
1112054,兵临三国-全新热门三国卡牌策略游戏
1262431,全民天天百家乐 -休闲娱乐
1389538,闲来小说阅读-全本经典小说在线下载大全
1383925,挂机三国猛将传：三国卡牌战游戏
1422464,元气小龟
1408846,造物番外篇：二次元卡牌大冒险
1424505,热血江湖传-经典修仙情缘动作游戏
1301399,暗黑英雄手游：热门的挂机游戏
1204299,封神传说-武侠江湖 谁与争锋
1280463,挂机猛将传:三国争霸战
1248828,无双战神：热血经典决战沙巴克
1068344,天使幻想手游-二次元养成策略卡牌游戏
1381030,十冷2
1414402,天天挂江湖
1270812,玛法降魔传：浴血重生，等你来战
1273770,海战王者
8253,花椒直播-高颜美女帅哥都在玩的直播平台
994481,经典电玩城-轻松休闲电玩城小游戏集合
1398683,异世修仙™手游:唯美仙侠，新服5倍爆率
4776,同程旅游Pro-订酒店机票火车票
1426532,隋唐无双 - 天天神魔大乱斗
883057,超级电池医生-电池管家专业版
1386906,九州彩票-时时彩在线管理专家
1430885,爱水彩-娱乐休闲
1430886,幸运赛车-谁是幸运的赛车玩家？
1353510,9彩-时时彩预测专家
1252363,雷鸣三国-逐鹿天下乱世称雄
1376725,北京赛车-高频必赢开奖助手
1422736,二五六彩-最实用方便平台APP
1399647,花椒娱乐-2017最好玩的多游戏App集合版
1430887,北京赛车计划版-休闲赛车
1140297,傲剑天下-2017最火爆修仙手游
1180572,诛仙奇缘-经典恋爱结婚手游
1647617,烟火大唐-盛世绽放
1248167,烈火屠龙—攻城掠地 称霸天下
1272441,策略三国志游戏：热血的攻城国战
1418682,烽火龙城- 王者归来成就传奇霸业
798468,梦幻尘缘—最新热门回合仙侠王者之作
1432491,龙魂战歌-17年度巅峰魔幻手游巨作
1229680,永恒仙剑-2017年全服热恋武侠动作手游
1432153,全职英雄荣耀-萌娘游戏高手大乱斗
1182990,三国来挂机：最新热门的天天挂机游戏
1219171,乱世三国挂机版：能挂机的回合制卡牌游戏
1762,Instagram
1402327,狸猫网络助手-智能加速
271764,趣头条 - 头条新闻热点资讯阅读平台
187267,韩剧TV-追剧女生大本营
1353097,Into the Dead 2 僵尸生存射击游戏
1420798,怪兽之决斗
1264047,精灵掌门人
1433084,口袋娃娃-综合游艺娱乐平台
793931,梦幻伏妖-原汁原味重现西游仙侠经典之作
1435716,刀剑幻境-动漫二次元RPG
1305676,三国争霸 -  一统天下成就你的霸业
1436489,西游记口袋版-热门放置挂机策略游戏
1204313,三国斗西游-全民策略卡牌对战手游
1433340,真三国群英演义-全新3D国战游戏
1435377,捕鱼电玩城荣耀版-联网经典街机炮炮爆金全天兑换
959887,大唐西游-梦幻回合经典找寻青春回忆
1267683,三国志·赵云传：武神无双战记手游
1327914,奇迹黎明-热门RPG游戏
1415192,帝国史诗-全新升级
1436611,天下无双HD-最热门的玄幻动作手游！
1412601,全职高手OL-全职游戏高手卡通冒险游戏
1381017,重回红名村-3M微端私服挂机手游
1435455,龙骑世界-国民级热血PK手游
1329210,小三国大谋略-微操作，战场策略对战
1438303,塔防三国游戏-单机塔防RPG游戏
1436856,血战龙城-经典的屠龙私服挂机游戏
1191347,万灵召唤-巅峰脑力风暴CCG卡牌对战手游
1436684,挂机那三国：卡牌放置三国志手游
1434840,街机游戏-超好玩的马戏团游戏
1432145,红尘西游-角色扮演手游口袋版
1433658,塔防大圣传-西游塔防休闲手游
1439520,"无双霸业-全民热血屠龙挂机,征服无双私服霸业"
1272709,魔法之剑3D梦幻之翼：奇迹类私服网游
1325495,挂机武侠：天天最新热门挂机游戏
1437197,超神学院-雄兵连回归
1298747,破晓一刀-热血传世复刻手游
1411309,"独步江湖手游:逍遥修仙,成就混沌至尊！"
1362701,屠龙战神——中式复古即时PK手游
1437716,奇缘萌侠-回合制萌系仙侠手游
1425140,策略 - 酒馆英雄之门无敌版
1433309,极速VPN-超级网络加速神器
1189352,生存战争-二战街机欧陆动作枪战游戏
1756,扫描全能王CamScanner
1440754,天谕-最新魔幻3D动作手游
922320,修仙奇遇-再现大唐西游扛鼎之作
1441056,传奇王者2
1088752,龙域天下-首款Q萌卡通社交对战手游
1422385,主公不高兴-策略三国卡牌游戏
1438015,西游记新传-挂机放置类游戏
1404225,真三国-武神战纪割草手游
1429025,风云仙侠
1256212,天下英雄-Q萌神将战三国霸业
1442688,万人电玩城街机版——俱乐部强力推荐的口碑信誉电玩游戏
929862,天魔大陆:魔龙传说
1175047,格林童话手游：梦幻世界奇迹大冒险
1095564,夺塔传奇-创新塔防策略游戏，送三国神将
1384731,军团的名义-乱世崛起篇
935106,足坛大师-第一足球经理巨作
1444440,文明纷争-荣耀
1445892,剑舞云天－正版转职修真修仙手游
1440663,将无双-策略三国对战手游
1433364,蜀山修仙录-御剑仙侠RPG游戏
1433585,绝地求生传奇
1442191,乾坤觉醒-大型自由组队交易回合制手游
1388644,挂机 - 暗黑觉醒探索地下城堡
1237883,火凤燎原-攻城略地成就传奇霸业
1285370,传奇荣耀 -角色扮演巅峰之作
1385380,玲珑劫
1446341,全民战迹-大型魔幻3D动作游戏
1446842,魔法少女挂机-放置游戏轻松霸服
1444969,真三国·格斗-经典武侠动作手游
1263684,爆笑三国-无敌神将争雄天下
1143251,最囧西游-全民PK卡牌对战手游
1243230,御龙传奇 - 传承经典延续城战酣畅
1424736,仙闻录-3D唯美仙侠手游
1436151,绝地吃鸡大逃杀 - 丛林求生法则
1412742,仙魔神武-完美演绎东方玄幻手游
1440656,吃鸡传奇-落地爆神装立刻吃鸡
1440462,丁力传奇-影帝吕良伟铁血代言
6176,热斗领域（格斗之王）2017街机拳王热血格斗手游
1276820,无敌三国-官方授权手游
1331629,天天欢乐炸金花-全民的快乐炸金花游戏
1444638,江湖传说 - 经典武侠策略卡牌手游
1443310,沙城烈火-正版传奇私服PK手游
1181951,英雄无敌：末日审判-经典角色扮演战棋游戏
1396832,街机三国-正统三国策略卡牌游戏
1432585,帝君之路-大型SLG策略游戏
1206241,星云传奇 - 传承经典延续城战酣畅
1247512,妖神传说-十年之约，仙侠经典
1229762,屠龙天下 - 经典开服巨制
1226895,大主宰·官方授权小说改编手游版
1156688,天堂契约-大型3D史诗魔幻手游
1077669,逆剑飞仙
1447483,黎明永恒-年度经典魔幻手游
1256992,王者捕鱼-好玩到不行的捕鱼游戏
1189268,最强NBA-国民级篮球手游
1448785,最强大唐-5M下载
1373009,热血攻沙-激情再燃，重新掌控战场
1448624,无双吕布传-败尽天下英豪
1393682,期货大师-原油黄金期货全球行情
1075488,鬼泣-动作游戏NO.1
510044,趣测
1388723,AirGo 加速器 - 游戏视频加速、网际直通车
896097,TIM – QQ办公简洁版
1448962,超凡战神：神域之战
86737,Whoolala呼啦啦:  亚洲时尚设计购物站
1449847,绝地吃鸡大逃杀 - 生存单机游戏大全
1443351,范特西视频－观看、上传和分享
1450312,捕鱼电玩城财富版-街机电玩城手游
1453683,全民修仙挂机版-热门仙侠策略游戏
1450163,逍遥乾坤
1201895,悟空来战：塔防手游-策略塔防游戏大全
1449833,永恒修仙情缘-热门修仙动作手游
1272262,仙侠江湖情缘hd梦幻:热血逍遥手游
1454441,无月神域-3D次世代国战手游
1454443,天御乾坤-动作3D世界武侠修仙手游
1454538,碧蓝西游-刀剑幻想乱舞航线
599049,黑暗与荣耀：暗黑魔兽 军团再临
1454442,屠龙英雄
7905,美妆相机
1364177,万神王座-3D跨服神战手游
1449373,彼方大陆：奇迹觉醒
1440904,微赢期货-外盘期货资讯软件
1368483,校花物语OL-海量可爱萌系少女
1453531,梦幻冒险岛-创新玩法动作游戏
1452802,西游记后传-创意休闲挂机手游
1329758,烈焰三国 - 征战四方成就千古霸业
1213056,小米枪战：战场前线
1452377,玛法传说 - 2017经典传奇大作，热血依旧！
1132995,西游记封神传奇-热血悟空传奇取经路
1385914,盗梦神仙-卡牌仙侠游戏
3080,电信营业厅-新人领豪华大礼包
1451989,荣耀骑士团：二次元英雄王者卡牌冒险游戏
1458183,裁决龙城-经典私服再现
1454025,暗黑裂缝-次世代3D魔幻手游
1237857,卡牌·热血三国-口袋版策略手游游戏
1439486,萌战西游-寻仙问道神武手游
1382502,神魔战争
109764,枪支俱乐部之现代战争枪支
1269950,斩龙传奇 - 经典回归屠龙天下最新手游
1451988,荒野行动:飓风突击
1461123,终结者2:审判日
1460050,乱世三国英雄ol卡牌类策略游戏
1256191,天气预报 -15天精准预报彩云天气通
1405462,列游浏览器-安全上网看新闻、听广播、看视频
1457588,武当剑
1458012,龙骑传说-史诗级魔幻挂机手游！
1457119,温酒斩三国
1457846,主公联盟-三国策略国战游戏
1457432,三国霸业-龙将再现
1445145,一剑封天-热血仙侠传奇ARPG手游
1458851,三国群英战-3D风云天下策略游戏
1462367,翱太金融(专业版)-安全的互联网投资理财平台
1271381,江湖寻仙传·修仙经典热血手游
1457090,齐天大圣-寻仙问道回合制游戏
1433791,兽人崛起 - 兽人部落再临艾泽拉斯
1416861,梦道仙途-浪漫仙界再续前世情缘
1458891,奇际王者-最新热门MMO动作网游
1457996,剑仙风云-最新修仙手游巨作
1457829,仙灵问道-闯荡江湖再续仙侠情缘
1440661,"燃烧的远征 - 军团再临,魔兽争霸"
1460186,沙巴克王者-装备靠打秒回收的单机传奇
1322047,天天欢乐炸金花-全民的快乐炸金花
1452084,疾风忍者传 - 创新3D冒险卡牌手游
1459259,微变传奇-自由PK激情爆装
1453135,三国大军师-万人国战成就霸业
1426848,"手机CP-走势在线预测,实时精准分析"
1460220,全职萌娘挂机版-二次元奇迹放置类手游
1457071,Liuzhou world
1317825,我的捕鱼-真人捕鱼大师电玩城
1448178,火爆街机电玩城
1458887,光明瞬间-撕裂黑暗，光明重生
1452749,命犯桃花-自由组队武侠修真手游
1457994,剑道封神-开启热血修仙之路
1261063,三国演义群英传:3D风云天下策略游戏
1460211,真三国群英战-全民对战卡牌手游
1463672,萝莉精灵挂机版-二次元回合制挂机手游
1449774,三国战争-正版经典国战策略手游
1273023,魔法荣耀纪元：精品放置类挂机游戏
1353438,剑破苍穹（紫青双剑之梦回蜀山）
1451417,乱世三国 - 群英霸业
1202132,小小兽人 - 魔幻大陆谁与争锋！
1460372,二次元 - 剑娘日系卡牌游戏
1456308,三国 - 三国志国战策略游戏
1216970,帝国的崛起-史诗级策略战争手游
1419178,赤影传说
1388951,舰队争霸帝国x策略ol雷霆战争网游
1458962,销魂记 - 热门仙侠手游
1462236,热血单机版 - 热血经典开服巨制
1314627,问剑奇谭—无双修仙再续梦幻情缘
1384545,塔王之王-主公保卫战
1464802,我的江湖-纯武侠巅峰巨作
1217499,最强格斗-横版动作卡牌游戏大合集
1273234,三国·蜀汉演义-经典三国挂机策略游戏
1461344,帝国争霸-再现史诗级团战策略游戏
1042564,黑暗纪元-首充送绝版光翼
1041456,修仙修仙-自由交易公平回合手游
1273255,街机捕鱼大师-捕鱼电玩城精品游戏合集
1372701,梦幻仙侠奇迹3D全民武侠风动作手游
1431361,热血三国志ol
1464196,全民大冒险-经典逆袭
1465941,神仙大乱斗-梦幻挂机放置类策略手游
1234741,倩女江湖-御剑在手哪里都是江湖
1448610,屠龙之怒(传奇手游)烈火沙城霸主
1296552,天神契约(卡牌类)-二次元动漫角色扮演手游
1397953,全民大拉轰-三国RPG卡牌手游
1451681,三国卡牌群英传ol热血动作游戏
1272407,暗黑之刃3D：奇迹少年的梦幻之翼
1377975,灵剑天下-神武仙侠再续浪漫情缘
1306165,捕鱼2-捕鱼大亨最爱的街机游戏
1457745,大唐仙侠情缘-热血修仙武侠回合制游戏
1435496,精灵大冒险：宝贝进化卡牌游戏
1460022,绝地丛林生存 - 荒野枪战手游
37071,TestFlight
1466987,三国志·曹魏群英传-逐鹿天下三国争霸
1264122,逆乱九天-国风2.5D奇幻仙侠动作MMO
179418,消灭六边形
1444533,夢幻仙俠—創新飛仙大型多人在線RPG手遊
1455797,街机电玩城——经典电玩城街机游戏合集
1451140,烈火屠龙-出门挂机下线，下班已一身神装
797862,疯狂炸金花-欢乐炸金花
1451194,三国英雄战乱世3D无双版卡牌游戏
1376180,大富豪の战姬公主
1352025,暗黑英雄传：热血少年的奇迹梦幻之翼
1345786,欢乐捕鱼人-真人捕鱼手游大全
1423061,三国群雄传-三国群英传策略卡牌手游
1466365,仗剑逍遥-热血万人PK手游
1432271,群英定天下-三国群雄助你成就统一大业
1356838,天天抓娃娃 - 超有趣的线上抓娃娃机
1265884,萌萌宫心计
1392700,绝世剑魂-冠绝当世剑出魂灭
1332994,情剑风云-上天战斗 修仙不套路!
1466073,烈焰传说-新版争霸赛火热上线
1467436,御剑乾坤
1439794,缭乱三国志 - 次元三国志
1422335,三国 - 三国策略回合手游
1407448,烈火奇迹-复古传奇手游
1287969,天琊神剑-英雄论剑纵情江湖
1463940,雷神骑士-大型魔幻动作游戏
1127496,蜀山御剑诀：全新仙侠RPG手游
1467681,仙侠江湖情-无双修仙再续三世情缘
1451542,屠龙霸业-出门挂机下线，下班已一身
1452747,血战八荒-经典复刻万人攻城手游
1466791,刀剑萌娘：二次元少女策略卡牌手游
1460182,蜀山战记-蜀山仙侠情缘动作手游
1468147,三国志群英传HD-乱世三国群英传策略手游
1460210,蜀山Q传-开创唯美御剑修仙路
941842,木瓜奇迹-经典MU游戏完美移植
1465158,水浒传 - 全民水浒卡牌回合制手游
1419592,剑雨九州-浪漫国风武侠情缘手游
1455843,王者之舰-经典海战巅峰荣耀
1403479,Can you get 11 - Simple fun  free game
1444425,羽毛球高高手
672493,QPlayer - 可以打开网址的播放器
1467627,全民屠龙 - 热血归来热门策略手游！
1467004,仙魔记-经典仙侠送V热血变态版
1445280,乱世英雄-跨服荣耀公会战
837500,省钱快报
484111,腾讯相册管家-一键安全同步备份手机照片
1324797,异世仙缘™手游:异界修仙快意恩仇
1456521,传奇王者 - 经典开服巨制
775079,街机电玩城 -精品街机游戏经典还原好玩到爆
1468456,傲剑乾坤-自由交易屠龙夺宝
1468587,风流小宝-宠后宫斗官老爷传奇
1466600,热血乱世三国3D无双乱斗：动作卡牌游戏
1469869,诸天修真传-自由修真大世界畅爽PK真仙侠
1293974,天堂战纪-血盟重生
1461362,异世苍穹手游：一点寒芒耀九州！
1470895,真三国群英演义-热门3D策略卡牌游戏
1318221,玄天剑舞
1334281,口袋犬妖传说-和风日漫卡牌
1466489,问剑奇谭手游-侠侣修仙，再续仙剑情缘
1398685,龙之圣痕
1469121,三国神将
1092949,激萌小精灵：热门探险挂机手游
1453996,御龙无双-剑侠3D江湖热血武侠手游
1432538,仙履情缘 - 梦幻修仙3D动作手游
1466092,嘟嘟私服176-重温经典再续传奇
1456488,易欢传-首款清宫3D类卡牌
1456523,疯狂炸金花 - 真人在线欢乐扑克游戏
1443245,捕鱼超好玩-捕鱼赢钱游戏厅千炮版
1354149,棋娱电玩城
1463714,三国：青龙无双-万人攻城，制霸九州
1467513,剑侠江湖 - 梦幻武侠修仙仙侠手游
1470708,光明之地-神魔混战奇迹RPG手游
1456881,九州剑客
1471193,剑雨恩仇录-红尘御剑青云仙侠世界
1471439,剑仙无双-修仙飞升情缘手游
1465457,乱世巾帼-三国情怀经典手游
1282559,西游卡牌大乱斗(回合)热门最新大冒险手游
1468149,挂机斗神仙-放置类挂机策略手游
1470685,Q萌三国 - 三国志群英攻
1470596,决战天下 - 热血经典开服巨制
1468588,幻剑问情-梦幻侠侣修仙手游
1220663,超级电玩城-完美移植街机游戏的线上娱乐城
1434924,热血战三国•策略网游
1436615,萌娘触摸-二次元角色娘化游戏
1227949,挂爆三国－怒送2000礼包强化秒杀吕布
1466989,不思议帝国:奇幻萌宠 冒险夺爵
1471166,封神联盟OL-西游与三国题材卡牌动作游戏
1470730,热血策略三国ol塔防卡牌游戏
1469967,卡牌三国乱斗3D热血塔防游戏
1331769,军师来挂机变态版-变态军师
1296029,青云剑道
1456336,魔幻暗黑神域x联盟战争动作手游
1463652,剑指皇城-征服传奇私服霸业
1346888,站上塔楼
1466751,请问你为啥这么厉害
1409905,热血荣耀-正版热血手游
1266456,风暴幻想：自由交易——大型3D魔幻手游
1086855,三国.英雄争霸传
410516,六边形大消除
79646,Platform Panic
226157,俄罗斯大厦－搭建而不是消除
5602,美图壁纸主题 - 最热门的高清壁纸和背景主题
1458146,征战四方-三国战争游戏
1470167,幻想传说-创新冒险策略卡牌游戏
1472124,塔防真三国-全民休闲塔防手游
1473726,三国志·蜀汉群英传-极致策略国战手游
1475061,小小江湖 - 武侠策略手游
1472789,二次元守护奇迹ol卡牌养成游戏
1472469,乱世武神-三国乱世唯有勇者方能称之武神
1466377,盒子城大乱斗-快看二次元漫画
1466818,神域龙骑-最新魔幻动作王者之作
1475010,挂机封神演义-热门放置类RPG修仙手游
1475018,进击吧猎人-猎人冒险战记
1475193,蜀山剑侠缘-御剑修仙飞升动作手游
1466487,魔幻传奇 - 英雄战争策略动作手游
1342865,龙战八荒OL
1391206,裁决烈焰-热血pk手游
1460280,修仙劫
1456437,风云策 — 江湖侠客的经典武林手游
1470046,卡牌斗转西游ol手游游戏
1474724,择天情缘-官方正版_择一人在此修行
1469905,君临三国:复刻三国志策略arpg网游
1437123,无间魔域-热血魔幻动作手游
271893,来分期-凭身份证1分钟到账
1468455,天天玩水浒—3D卡牌游戏匠心之作
1452297,剑侠传奇-剑雨江湖中的热血战歌！
1470044,剑逆苍穹-缘起九洲，剑指天下！
1471458,烈焰单机版-刀刀吸血PK超爽！
802132,神将三国-英雄强势崛起变身无敌猛将
1474249,灵仙劫-大型mmo修仙动作手游
1467149,禦仙情緣—Q版仙俠MMORPG手遊
1468068,王者X三国：3D卡牌游戏
279319,Folioscope
1217407,掌上电玩城-高爆灯街机打鱼游戏厅
1476707,王者帝国-大型养成类君主争霸手游
1478803,全民封妖-渡劫成仙
1450168,奇迹天堂-神话诛仙全民荣耀
1466827,九州牧神纪-玄幻修真巅峰巨作
1472657,盗墓-老九门电视剧改编手游
1331438,折扇
1476,亚马逊购物
26611,1Password
4280,玩吧 - 边玩边聊，你画我猜轻松交友
187568,Foodie - 美食相机
1474753,掘地求升-和班尼特福迪一起攻克难关
1480290,一念飞仙
1475556,执剑江湖-上班挂机 下班回收
1483159,龙之遗迹:遗迹探险 巨龙宠物
1482266,创世战场:新大陆
1477798,王者之战-魔域动作手游
1481904,漫化危机-开启恋爱大冒险
1486755,幻灵至尊-开启你的魔幻冒险之旅！
1480253,九幽仙魔录-精品仙侠动作手游！
1483576,九州谕：自由交易超高爆率
1479395,天堂之战
1482508,大将军-全新大型3D动作手游
1431014,海舰帝国-钢铁巨兽舰群实时对战手游
1478685,隋唐战争史：攻城略地，国战策略激情大作
1439791,三生仙魔录 - 正宗仙侠侍魂手游
1342462,猎场-年度国剧正版授权手游
1212058,天天电玩城-最火爆的线上娱乐电玩城
1273345,怒战龙城-经典再现传奇攻城大型手游
1475776,修仙斗苍穹-热血刀剑侠修仙游戏
1439779,三国：2017-重温经典
1481847,封神传说 - 热门仙侠炫战手游
1388730,暗影格斗 3
1466691,光荣使命
1320790,Splashy Dots
1355318,我的绿洲 - 治愈人心的空岛育成
439161,Phoenix II
1480251,三国赤壁—国风策略卡牌游戏
1201954,Squashy Bug
1769,"口碑-美食点餐,外卖电影票享优惠"
43008,形色-拍照识花识别植物
1473966,沙城屠龙HD
1490285,热血霸王
1494181,傲龙九天诀-3D仙侠极致呈现
1216066,盛世荣耀
1480270,猎场-模拟经营商战手游
743,腾讯地图-路况精准出行必备的导航软件
1480322,欢斗西游：新版回合制游戏
1370899,大秦霸业-正版国战多人策略手游
1493021,破晓之戮
1245968,剑与传说-无限制爽爆PK手游
1489385,青云修仙诀-御剑诛邪创世仙缘
1466408,幻城迷界
1480305,大唐盛世-梦回唐朝穿越养成宫廷手游
1484611,魔仙西游记-西游回合制卡牌rpg手游
1493709,沙城霸业 - 热血不灭
1439792,轩辕仙途-天下风云出我辈，一入江湖岁月催
1495654,龙魂契约-全新3D史诗级国度魔幻PK手游
1485654,捉妖择天记-萌化组队动作游戏
1478833,航海世纪：扬帆起航 开启航海新世纪
1386946,逍遥天地
1441333,疯狂万人牛牛-经典欢乐牛牛掌上棋牌游戏
1490958,轩辕单机版：剑指三界再续仙侠情缘
1492998,帝国3 - 文明之战
1466991,王國榮耀 - 勇者之旅
1493677,大富豪猎场
1492973,街机游戏 - 全新森林舞会邀你一起乐翻天
763007,暴风学园-清新日系校园风ARPG手游
1488593,猩红骑士:主机级品质西方魔幻手游
1443598,英雄祭-热门强策略三国卡牌手游
4482,忆术家：快乐学语言
1490469,NBA LIVE-EA出品 5v5真操控篮球手游
1487200,传世天下 - 热血pk屠龙烈焰动作手游
1483241,咕咚三国-全民策略卡牌手游
1490868,魔幻之巅-经典魔幻动作手游
1293300,战舰时代-极致写实二战军事海战策略手游！
1326749,江湖豪杰-3D武俠燃情手游
1492333,我是大侠 - 御剑3D武侠动作手游
1481543,永恒之门:魔法召唤师
1492334,天堂奇迹-大型3D史诗魔幻手游
1491862,糖果派对-2017最新竞品街机合集
1338528,创世荣耀-殿堂级酷炫3D神作
714703,快乐炸金花-全民疯狂炸金花欢乐版
1238813,楚汉霸业—暗黑沙城 烽火再起
1494163,赤焰沙城-十六年的沙城梦
1491832,轮回三国：绝美武将 华丽特效
1497106,仙灵传说 - 浪漫修仙情缘手游
1453592,叫我官人-切记雨露均沾
1469946,坦克英雄：战争世界手游
1490472,龙纹契约-3D超萌魔幻RPG手游
1498231,乱斗三国OL——Q萌武将搞笑来袭
1495708,屠龙之刃-开启激情的旅程
1443318,三国•挂机传-热血攻城争霸策略手游
725069,万人炸金花-欢乐拼三张
1611266,可可炸金花
1384930,名将X三国-无双真3D动作卡牌
1469349,奇仙幻旅-自由交易唯美修仙手游
1153854,异次元英雄传
1459177,Q萌修仙情缘OL仙侠 - 梦幻江湖动作手游世界！
1470077,剑破九天-无极剑道
1476261,修仙 - 蜀山剑客行：青云决剑侠江湖武侠手游
1480210,塔防 - 塔防三国志策略塔防游戏
530799,Many Bricks Breaker
1484615,海魂少女
1230822,欢乐炸金花-全民炸金花疯狂版
1492307,星王合击
1499349,三国战纪无双：乱世王者之风云再起
1496112,全民捕鱼机 - 疯狂电玩捕鱼游戏
1489396,王者契约：魔幻史诗3D动作手游
1399570,扎金花游戏厅-万人在线pk版
1500709,妖狐小红娘-唯美武侠修仙回合制手游
1493672,大唐奇侠传--微端热血挂机手游
1472110,三国霸王传：策略卡牌游戏
1497873,神仙挂机大乱斗-策略放置类手游
1489392,复仇者：联盟之战
1494046,梦幻仙侠：唯美修仙手游
1285432,神话荣耀:全新逃生手游激情上线
1481539,侠客群英传 - 武侠策略手游
1497099,1188游戏城-街机电玩城真人版
1499754,不思议冒险:金刚芭比大战正义联盟
281837,惟我独仙
1070841,我是富豪 - 经典模拟经营游戏
1498235,异世奇缘：可自由转职的双修手游
1298081,小小塔防-人在塔在，烧脑竞技
1500731,挂机三国吕布传：创新挂机手游
1495706,神魔大陆-魔幻类角色扮演动作手游
1501500,进击吧魔塔-这塔防我过20关，你能守几关
1478326,生化战争-丧尸突袭策略游戏
1486805,圣墟-热门小说改编MMOARPG手游
1501941,卡牌三国风云-单机卡牌对战游戏
1462871,帝王江山：大清盛世皇帝宫战经营手游
1500880,真三国-全新3D国战游戏
1492329,勇者地城-热门冒险3DRPG游戏
1494743,奇迹童话大乱斗-梦幻冒险挂机手游
1501017,热血沙城——经典复刻，复古76
1500325,驱魔者前传：3D魔幻大冒险动作手游
1496984,街机游戏-欢乐777拉霸游戏合集
1497986,飞剑修仙-仙盟争霸傲视三界
1492293,三国之霸业-攻城掠地一统天下
1334311,经典欢乐炸金花-全民炸金花真人版
912059,快乐街机电玩城-牛牛·老虎机·捕鱼电玩城游戏
1491300,皇室霸业战争-帝国霸业皇室策略游戏
1475963,飘渺传修仙-仙侠情缘御剑修仙手游
1498569,欢乐电玩城-斗牛牛电玩城游戏
1501024,帝王印记-史诗级三国争霸手游
1464663,沙城霸业：热血PK，争夺皇城荣耀！
1501261,神魔降临-咏唱魔法驱逐黑暗！
1502336,飞剑问道-经典热血修仙手游
1492326,热血大海战-热门海战策略游戏！
1500983,大秦群英战纪-年度精品策略战争手游
1482565,圣剑无敌-剑圣觉醒
1502009,天影-经典修仙手游还原原著剧情
1496957,萌将风云-Q版三国穿越大乱斗
1488044,传世三国—古典三国卡牌手游
1319333,王者天下-战国编年史，登陆送项羽
1379740,重装装甲-经典坦克对战竞技手游
1481726,剑侠传奇-正版动作武侠手游
789853,武娘Online-方文山徐娇联合推荐
1501016,仙境之路-大型魔幻动作手游
1502641,青云幻想-梦幻情缘修仙手游
1500078,武侠 - 热血江湖卡牌游戏
1496344,雷霆特戒回收版
1487551,胭脂妃-芈月传正版授权宫斗手游
1135569,至尊炸金花-炸金花欢乐版
170213,同桌游戏－聊天约玩社交小游戏
1491316,三国 - 群英卡牌争霸：热血策略三国游戏！
1501266,战国威力加强版-经典策略手游
1502395,觉醒之路-经典3D武侠手游
1483033,诛天剑-御剑九霄 情定江湖
1503875,仙境历险记-二次元魔幻世界历险记！
1504055,斩龙之战法道
1489987,挂机那神仙-梦幻休闲挂机手游
998358,我是CEO-开公司搞投资走上人生巅峰
1502819,王朝争霸-模拟沙盘王权战争游戏
1497766,风暴之剑-剑与勇士的荣耀传奇
1484602,武侠情缘-武侠RPG后宫养成类单机游戏
1504242,剑荡玄霄
1460360,仙侠 - 剑御江湖：剑侠蜀山修仙动作手游
1478821,小兵三国:卡牌游戏
1495952,貂蝉保卫战-真三国英雄塔防守卫战
1502025,达人娱乐
1496924,暗黑王者挂机X奇迹手游私服
1442203,捕鱼争霸赛电玩版
1491112,翻滚吧!三国-无厘头三国西游题材卡牌手游
1443212,无双御天龙
1499354,决战皇城-热血屠龙私服手游戏
1493029,三国功守道-经典萌系攻防类手游
1493574,梦幻伏魔记-3D回合卡牌大话西游
1505308,群侠风云传-武侠经典创新自由竞技
1497102,蓝月龙城-
1498730,魔幻苍穹OL奇迹 - 全民魔法动作手游世界
1503892,天下霸王 -回敬青春不忘岁月
1489403,小志传奇：经典刷怪爆装手游
1503578,天魔召唤-墙裂推荐的二次元手游！
1496920,暗黑联盟王者-最新卡牌挂机格斗手游游戏
1344664,修仙斩魔录-热门修仙人气手游
1033511,少年修仙
1320717,众乐游棋牌
1500200,大魔王-叱咤风云，繁华如梦
10338,奇迹屠仙
1505498,御剑大唐
1325351,斩灵决-唯美仙侠世界修仙动作手游
1505504,通灵召唤师-召唤师集结！
1350345,丧尸来袭：绝境反击
1493627,爆笑三国挂机：群英战三国
1505222,神将大作战-策略放置类挂机游戏
1478696,江湖武侠:卡牌回合制手游！
1505619,绝地传说
1254349,灵剑牧云记-幻剑飞仙，正统国风仙侠手游
1227520,雷鸣三国-乱斗三国逐鹿天下
477285,欢乐炸三张-万人炸金花版
1467144,仙剑侠客行
1500509,热血霸业 - 风起沙巴克 彡
1505517,小小三国志 - 经典群雄战三国
1493783,仙侠择天纪-古装玄幻角色扮演系列
1480383,皇帝后宫侍寝 - 后宫斗三千人养成游戏
1506394,龙城纪元-复刻经典全民BOSS
1501019,大军师诸葛亮-乱世三国 群雄战天下
1285989,传奇霸业
1506649,火龙合击
1505869,盒子归来-全新动漫卡牌策略游戏
1507360,全民大主公-三国策略游戏
1505534,西游记之大闹天宫：经典动画正版授权
1182774,永恒霸业-荣耀霸业，热血归来
1506523,水浒传挂机版-热血武侠放置手游
1436196,黑暗与魔法-2017超燃魔幻巅峰之作
1506505,王者契约-荣耀之战
1494885,神迹大陆-新服火爆开启中
1505531,猎场HD-电视剧同名正版授权手游
1494730,诸神风云-阿拉德之战
1507366,华山争霸-剑侠传奇
1506908,御龙江湖- 武侠角色扮演手游
1507027,剑逆苍穹-及时自由跨服PK
1492343,三国志风云：3D回合制卡牌游戏
1490933,三国修仙情缘-热血三国情缘rpg手游
1203465,大富豪娱乐城-高回报老虎机街机游戏厅
1505938,挂机斗西游-仙侠放置类挂机手游
91244,全民直播-游戏互动直播平台
1506471,Playdead&#039;s INSIDE
1505525,恋与制作人
279207,壁纸精灵 : 百万超高清手机主题墙纸
1420833,66键盘
1509217,汉末群雄-全民三国争霸主
1509128,雷霆战神-经典复古带你重回热血时代
1506615,三国蜀汉战-经典巅峰国战手游
1504577,武当三侠-仙侠动作手游
1192184,华夏群英传-最强巅峰国战，千里长歌行
1506339,热诚传说-王朝纪元
1506626,神仙大主宰-休闲挂机放置类手游
1509684,驭龙天下-经典单机版怀旧之作
1506502,神域奇迹-魔幻史诗神域再现
1507432,灭龙魔导士:少年团热血冒险之旅
1404039,史上最囧最难游戏2  - 老铁扎心了!
1503565,一刀爆装-打BOSS超高爆率掉神装！
8948,小米商城-智能产品好到不用挑
1506937,塔塔少年传-穿越三国策略塔防游戏
1471008,苍穹剑道-全新4D裂屏特效手游
1465519,最囧游戏3
1397256,归离剑
1511599,塔防™三国志-单机塔防策略休闲
1511556,丧尸战争-生化丧尸危机绝地生存策略手游
1511797,大话仙踪
1190115,非常三国HD-三国卡牌动作策略手游
1346219,火拼电玩城-最火爆的电玩城
1377042,蜀山问剑-特效华丽的剑侠江湖
1512426,仙灵诀 - 闯荡江湖再续情缘
1512188,双剑奇侠
1506830,官居一品-清朝模拟当官养成手游
1513268,武极仙尊-踏破苍穹
1469578,莽荒英雄
1476365,斗破仙途
1513607,三国塔防手游-全民创新塔防手游
1502956,我是大主宰-仙侠修真奇幻大作
1285022,侠影仙踪 - 炫酷特效修真玄幻手游
1508647,升仙道-经典传奇仙侠手游
1513606,三国热血无敌3D动作卡牌游戏
1512654,魔灵物语-二次元RPG冒险游戏
1372459,骑士不能死-冒险魔幻塔防大作
1506340,御剑群侠-那一剑情缘
1512219,魔灵战域-热门3D魔幻动作手游
1513286,热血水浒挂机版-创新水浒英雄放置游戏
1512247,银河战争-热血战舰争霸银河
1473744,武侠江湖风云-热血卡牌江湖侠客录
1513603,西游记口袋版-全民卡牌对战动作手游
1083665,放开那主公-三国题材休闲游戏
1495947,隔离区2：废土求生—秘境封锁策略与反应之战
1514758,掠天记-无双国战手游
1471165,塔王之王2
1503828,凤虬凰
1401593,勇者龙剑传-热门冒险rpg游戏
1339515,龙纹联盟-3D热门冒险RPG游戏
1514793,岳飞传奇挂机版-热血群雄挂机游戏
1514756,西游斗三国-经典卡牌对战手游
1424853,仙途世界-梦幻仙侠手游
1511244,楚汉群英挂机版－热门策略放置手游
1456506,江山美人-醒掌天下权，醉卧美人膝
1514833,三国迷界-萌系三国穿越卡牌手游
1511525,莽荒纪-最新全民修仙手游
1513314,唐门傲视录:梦幻单机游戏
1514794,战神霸业 - 万人激情pk
1455361,王爷驾到-官场风流后宫三千游戏
1504562,新屠龙战神-经典1.76版本重出江湖
1480859,剑诀荣耀 - 畅爽连招，快意PK
1458840,神魔仙逆-热血手游，我欲修仙！
1512115,三国塔防群英战-精品休闲塔防手游
1173135,铃声设置-苹果手机铃声同步助手
1033039,修仙降妖篇
1510308,勇士之路-游戏王大冒险
1466072,神域契约-西方魔幻ARPG手游
1505398,寻仙问道-梦幻奇遇修仙之路
1410602,御龙·三国-最热3D卡牌对战
1508530,阿斯加德
1460357,江湖剑客行-再现经典的游戏剧情
1471062,春秋战国之问鼎中原
1463687,仙魔圣域-最新魔幻仙侠手游
1509356,龙王传说-二次元回合制卡牌手游
1515008,我是大老板-老板独家经营笔记大揭露
1515853,热血霸业-谁是沙城霸主！
1489132,挂机美少女学院-创意放置类手游
1493119,仙侠问情-修仙动作世界情缘手游
1467968,天使契约挂机版-年度童话幻想放置手游
1189204,街头激战-可以吃饭时来一局的休闲实时对战游戏
1509610,逆天斩妖 -无VIP，登录即送顶级酷炫神骑
1320984,真三国龙将传-经典巅峰国战手游
1514231,逆剑青云-情侣双修玩正版仙侠手游
1513835,西游 - 西游策略塔防游戏
1493861,永恒荣耀-年度魔幻经典手游巨作
1514936,热血群英挂机版-历史名将乱斗放置游戏
1501398,圣灵之光-地下城历险战纪
1454860,玲珑玄甲军-虚幻小说演绎英雄柔情手游
1358366,逗B三国-热门榜单推荐三国动作手游
1443114,剑侠奇谭—热门修仙世界仙侠手游3D
1516816,魔法挂机英雄门:无敌怀旧
1512604,吾皇万岁-皇帝养成了解一下？
1280754,假日娱乐城HD
1510311,仙侠情缘-正版修仙角色扮演手游
1513253,散人烈火-经典传世霸业手游
732220,PinOut!
1512958,忍者荣耀-火之意志
1513785,不思议冒险-暴力萌宠 奇妙探险
1517603,冰与火奇迹
1517428,十万个英雄 - 二次元大冒险
1516941,凡人逆天记-经典魔幻攻城年度大作
1481945,三国·保卫主公-热血三国攻城塔防游戏
1479375,开心捕鱼大战
1517595,神拳超人-二次元日漫卡牌手游
1470496,灵狐仙游记
984908,沙城荣耀 - 屠龙一战十年经典
1513773,2233游戏-真人手机棋牌游戏大厅
1496747,三国捣捣塔
735951,诛妖奇遇-仙侠恋爱网游年度巨献
1325884,QQ飞车
1514458,途途金花牛牛-澳门版
1394896,三国卡牌游戏-创意西游对战手游
1507352,塔防·三国演义:休闲三国塔防手游
1509362,青云逆仙传-最新热门修仙手游
1517821,官居几品：宫廷当官之步步高升
1494495,屠龙战刃——十年经典热血回归
1511532,欢乐电玩城-全民电玩真人街机游戏
1118,美音-简直有毒的社交圈
1517675,动物电玩城-街机游戏大全
75,天天飞车
1512943,傲世修仙-年度仙侠MMO手游巨作
1202815,熊猫优选 - 连网红都在这买的省钱APP
1516142,暗黑战迹-年度精品魔幻MMO手游
1516141,711炸金花游戏城-经典街机游戏棋牌合集
1510114,妖灵传说：丑萌逗笑策略卡牌游戏
1284456,雷霆万钧
1519753,暴走萌侠-热血勇者异域历险记！
1510331,全民仙侠-邀你御剑修仙梦回仙侠
1516939,逍遥修仙录-全新凡人修真热门游戏
1228179,真三国·赵云传奇-街机战纪动作手游
1503577,问剑仙缘-指尖上的江湖
1441847,永恒荣耀：全民3D梦幻网游
1506494,龙纹战纪-热门魔幻3DRPG手游
1326048,职业经理人-当猎头搞投资在商界中纵横
1510275,三国风云—卡牌游戏
1515367,剑无极 - 武当重回江湖
1155470,一起来飞车：3D漂移竞速手游
1512556,炸金花游戏城-2018真人疯狂炸金花
1391119,乱斗堂2-热血跨服王者争霸
1514451,三十六嫔-霸气十足的游戏场景
1204934,永恒霸业-76经典完美复古再铸热血兄弟
1520532,龙魂觉醒-全新西方RPG动作手游
1520209,新水浒传挂机版-圣诞版水浒放置手游
1518289,加官进爵
1513281,剑舞九幽：修仙传奇手游
1489984,真三国群雄挂机-最新策略三国放置手游
1510312,修仙道OL
1508529,猎龙传说:Legend of dragon hunting
1440788,大秦王朝-策略国战万人竞技手游
197131,镇江麻将(单机+联网)
874403,天天德州扑克-金牌德州扑克在线游戏
1520917,式神师
1479993,塔防伏魔录-西游塔防休闲手游
1511626,三国萌将传：策略卡牌游戏
1518662,幻想纪元：动作3D手游
1517656,奇幻大冒险 - 精灵的奇妙探险
1520210,真三国挂机-全民三国志放置手游
1505939,猎场风云-电视剧正版授权
1521361,超级炸金花-街机豪华版
1522078,剑霸天下-野外PK动作武侠手游
1512651,修仙情缘:蜀山仙侠手游！
1520545,激萌Q传
916163,电视红包-看电视刷红包必备APP
1519934,少年卡牌战纪-回合制休闲卡牌手游
1520668,英雄忍者传说-二次元放置卡牌挂机游戏
1506993,斗牛电玩城-街机游戏合集
70,天天爱消除
1519815,大莽荒
1522147,落星之城-日系激萌二次元手游
1415374,决战！平安京 - 犬夜叉联动
69928,僵尸入侵之植物花园大战
1131867,经典赛车-FC小霸王街机游戏
1517212,天天牛牛-飞禽走兽强化版
1520951,我的创业史-小白逆袭模拟创业手游
1224249,西游修仙记-西游回合制梦幻修仙手游
1381987,武者之魂：觉醒
1522319,真三国·塔防手游-单机休闲塔防游戏
1521747,御剑牧云-热门仙侠情缘RPG手游
1506910,上古启示录 - 顶级神装一刀爆
1516346,西游奇缘3D：梦幻题材回合手游
1520736,全民修仙—国风仙侠MMORPG手游
1520650,小小神将-SLG三国策略手游
1502955,童话契约-全民冒险幻想挂机手游
1517724,仙之傳說
1482329,三国塔防群英传-策略塔防TD手游
1512749,保卫那三国-策略攻防国战游戏
1522118,跳一跳小游戏单机正版
1512561,剑仙诀—仙侠RPG游戏
1512371,仙侶奇緣—仙俠雙修RPG遊戲
1251434,Mr Jump S
72448,Microtrip
1523728,奇谋三国-龙将耀世争霸三国！
1523545,萌龙战将-Q萌热血的冒险RPG手游！
1514885,盗墓风云-正版授权摸金动作手游
1301723,挂机破坏神：热门暗黑挂机游戏
1523715,蓝月沙城-热血PK，屠龙踏沙！
1511558,鸿蒙修仙诀:御剑蜀山手游
1523698,狂暴超人-唯美日系二次元卡牌手游
1520534,三国演义群英传-正统三国挂机游戏
1522196,百剑成仙-唯美仙侠梦幻手游
1285987,奇迹：觉醒
1517733,冲顶-问答互动赢百万现金
1524199,九天玄仙志-年度仙侠动作手游
1524454,三国赵云传:2018三国卡牌巅峰之作！
1169602,欢乐斗地主-欢乐棋牌合集
1291638,乱斗堂2-三国神将 觉醒变身
1224690,剑侠江湖:剑魂
1460368,第六天魔王-和风匠心策略卡牌
1513812,魔法英雄无敌挂机:骨龙
898729,鲨鱼记账Pro-3秒钟快速记账
1523792,楚汉群英挂机版-年度最新放置手游
1524867,进击的勇士
1484596,猎杀契约
1449414,大牛娱乐
1508843,天天斗牛-全民欢乐牛牛游戏
1430989,碧血沙城II：皇城决战之王者的裁决
1525035,快乐捕鱼大满贯
1524461,主公不能死-塔防三国策略手游
1523863,灵狐仙踪 - 御剑修仙Q版动作手游
1497073,封灵召唤师-式神召唤
1305523,传奇刀刀爆-pk爆装攻沙屠龙
1524672,我是大魔王-横扫三界之密谋搞事情
1501427,万人炸金花-欢乐棋牌游戏大厅
1524894,梦幻江湖热血版-全民武侠动作手游
1523980,仙侣江湖-东方神魔玄幻游戏
1340542,幻剑神魔
1525088,天命之神-二次元冒险游戏
1277510,扑鱼达人千炮版-高回报街机游戏厅
1520789,铁甲战姬-兵器少女动漫手游！
1523865,三国觉醒 - 攻城掠地争当三国霸主
1524457,创世大陆
1524048,三国萌将传——真三国争霸国战私服手游
1517660,圣虚武神角色扮演仙侠
1469944,绝地求生：奇袭
1512171,武侠 - 热血武侠Q版卡牌手游
1518489,勇者大陆：奇迹之谷传说
1511149,活照片- 小我出品，让照片活过来
1051765,游戏蜂窝
1512945,热血私服：热血屠龙变态私服手游戏
1122419,乱斗堂-国际版
1524446,百万丧尸-末世极限生存策略手游
1525501,江湖豪杰传-还原经典武侠动作手游
1524815,朕的卡牌游戏-三国回合制对战手游
1611267,擒妖记 - 人妖共存新世界
200398,大猎人 (Big Hunter)
1524962,芝士超人-答题赢百万现金
1523180,疯狂捕鱼赢大奖：休闲打鱼 捕鱼游戏
266695,Steppy Pants
1503428,豪客电玩城
1526727,御剑昆仑 - 西有昆仑一剑千里
1526998,奇幻公爵-最好玩的动作冒险游戏
1511648,时代电玩城-街机娱乐疯狂版
1484184,斗羅外傳-致敬經典原創次世代遊戲
1400350,魔龙联盟3D-Q版动作闯关冒险游戏
1509932,掘金斗牛
1468797,破晓之刃
1526900,风流大官人--极品当官逍遥朝廷
1524863,龙魂飞将-全新策略卡牌手游
1526886,掌上游戏城-真人棋牌游戏平台
1526978,柒王罪-全民史诗3D魔幻手游
1526902,龙吟诀-最强王者动作手游
1523526,最强奇际-全民跨国恋爱游戏
1520561,不累挂武神-三国历史挂机
1526904,散人挂机版-热血PK手游
1526905,次元大冒险-开启魔法奇幻新世界
1526854,隋唐群英挂机版-经典历史策略放置游戏
1523543,冒险物语：3D动作手游
1526732,牛人大赢家-真人棋牌游戏
1524195,Balls Race
1523948,风雪剑歌行-经典重制国风武侠
1523388,诛仙剑诀
1526859,末日家园-丧尸题材生存策略手游
1353180,捕鱼style——经典街机捕鱼游戏
4261,云顶德州扑克
1509281,绝命战姬-少女集结
1521004,忍者大师-口袋版
1527681,玄剑之门-倾城之恋
1389513,龙之幻想 - 梦幻征途今日开启！
1460244,英魂挂三国
1523704,大冒险世界 - 征战法瑞恩大陆
1237846,全民仙逆-耳根正版授权修真仙侠手游
1524959,大秦崛起 - 策略国战
1527372,"神界大逃杀-魔法世界,王者争霸"
1526955,择天问道
1527687,全民水浒挂机版-热血英雄放置手游
1525112,叫我老板-城市趣味经营手游
1527916,神魔悟空传-2018创意西游卡牌对战手游
1527367,魔法骑士团-奇幻二次元
1527742,剑气归宗-御剑仙侠传
1523852,八荒仙缘OL修仙 - 仙侠手游3D圣墟仙魂
1524953,封神战纪 - 经典神话题材神魔ARPG手游
1520665,快游炸金花-真人欢乐炸金花合集版
1477460,三国热血炫斗-三国群雄策略战斗
1527682,三界传说:蜀山仙侠御剑手游
1524053,觉醒之剑：奇迹之翼手游
1527271,御剑飞仙-修仙剑侠情缘传武侠手游
1527368,择天大陆:仙侠情缘手游
1527373,乱世无双：策略三国卡牌类
1527076,诸王的史诗
167155,美味的生日——派对美食制作
1520910,热血传说 - 万人沙巴克
1523699,幻想城堡 - 年度策略手游大作
627299,Nike SNKRS
1527400,星耀传说
73555,Patchmania
1475309,梦回三国：神鬼奇谋 争霸天下
1505515,三国：机械纪元
1528071,三国x街霸-真热血动作卡牌
1527080,三国争霸 - 三国群英攻城
1508645,星王传奇-一刀一级PK爆屠龙
75941,凡仙-全民修仙的仙侠游戏
1528408,怒斩沙城-经典回归龙城争霸
1528076,三国子龙传-三国群英卡牌手游
1528082,剑指九州
1472658,超级县令-模拟古代大臣晋升手游
1528409,沙城裁决-挂机一刀爆神装
1360287,麻将来了（QQ麻将）
1528412,龙与魔法师-经典魔法策略回合制手游
1527078,堕天使之怒 - 最燃魔幻动作手游
1499597,光明觉醒:3D大型魔幻动作手游
1515977,梦幻江湖-古剑修真寻仙问道
1527377,英雄无敌战役
1524887,修仙 - 仙凡尘缘：仙侠3D圣墟天下修真游戏
1528405,总裁日记-经典模拟沙盘经营手游
1529210,艾里奥斯战记3D
1529570,魔法挂机之英雄无敌
1529013,幻界灵域-开启仙侠旅途
1497650,奇迹觉醒-经典端游改编全民mu手游
1529206,幻灵三国
1525421,洛奇亚传说
1529205,梦幻修仙奇缘：Q版仙侠诛仙手游
1524273,光明神迹-荣耀暗黑之旅
1529207,一剑问情 - Q版仙侠修仙之旅
1524649,天天三国 - Q版策略手游
1527013,迷你塔防三国志
1526924,澳门百家乐-真人百家乐游戏
1524637,圣灵大陆 - 最燃魔幻动作手游
1528771,战国疾风传
1486583,乱世峰皇-群雄国战策略游戏
1529204,群雄争霸
1524220,梦江湖 - 武侠策略手游
1511560,王者苍穹
1524819,仙踪侠影：一生不容错过的浪漫情缘
1527912,魔力起源-萌系二次元角色扮演手游
1528725,屠龙盛世-热血屠龙变态私服手游戏
1528775,印天记
1527358,龙凤炸金花-天天欢乐真人炸金花
1349483,掌上捕鱼-全民捕鱼游戏厅
1038157,三生三世仙缘-自由交易御剑仙侠
1471069,乐途电玩
1528776,放开那主公-唯我独尊做三国万人主公
1507882,航海英雄传说-日漫二次元国民冒险RPG手游
1253579,天龙之剑
90785,烈焰沙城－热血沙巴克经典手游
1529783,战国乱舞传
1314554,天天爱塔防——塔防游戏2017
1529834,姬战三国
1490943,梵天巨翼
1529785,三国群英战纪-热血无双放置手游
1525454,勇者联盟3D-热门魔幻休闲游戏
1529784,暴轰三国志 - 一起逐鹿中原
1529835,帝国3 - 荣耀战争
1510930,剑仙奇侠
1519943,一剑斩仙-唯美情缘修仙动作手游
1513289,谁能挡我–激战三国策略卡牌手游
1529642,王者牛牛-最具影响力的百人牛牛
1507028,三国演义—最纯粹的策略手游
1508563,绝地求生社区
1528101,逆剑狂澜-梦幻题材3D回合
1529576,边境之旅
1499605,剑歌行-剑侠世界江湖情缘
1523884,萌者荣耀——异界冒险  王者召唤
1402487,择天捉妖记-逆天改命修仙问道
1527054,天使纪元-刘亦菲代言
1514447,赤血王城-火爆的皇城战争
1530913,倾城之剑-渡劫
1359661,聚友大赢家-斗牛炸金花
1528407,流放破坏神-远古洪荒传奇绽放
1169604,全民电玩城-街机电玩游戏合集
1525484,蜀山奇侠传
86408,Lost Tracks
1488234,霸者之王 - 无VIP，打造传奇世界
5728,铃声多多-手机铃声大全
1521345,物理弹球
1510272,天天昌黎麻将
81023,皇家炸金花
1441985,Metro大都会
1545647,全职剑圣-剑圣名号争夺之战
1545760,天天斗恶龙 - 遇上奇迹 勇者的冒险
1530192,VPN - VPNMaster Plus Unlimited
770148,逍遥仙侠-与萌妹双修共建爱巢
1525099,五虎风云录
1545559,商旅生涯-商场如战场
1498077,旅かえる
1545707,纵横三界-国民级3DQ萌回合手游
1496679,MP3转换器 - 从视频中提取音频保存为MP3等格式
1551628,猎魂觉醒-战刃初鸣
4356,成语玩命猜：1300道看图猜成语
1552928,火花人生
846914,天剑诀传奇-仙侠角色扮演单机rpg
1530947,跳一跳游戏: 躲避类微信版小游戏大全集
38248,开心斗-快乐大本营推荐
120,节奏大师
8680,永不言弃2
1556099,飞刀挑战
1558636,楚留香
232814,カツラちゅるん
275441,Sea Hero Quest
1195118,择天记
1369121,TapTap 游戏社区
1416747,最囧游戏3 - 史上最囧休闲游戏大全
1561163,青蛙聊天-蛙友兴趣聊天快速交友
1557507,仙剑录-3D唯美仙侠卡牌策略手游
1562193,战狼佣兵团-日系二次元手游
1530444,仙侠传奇战纪-3D动作手游
1557400,仙道Q行-梦幻仙灵回合制手游
1554790,神人斗地主OL-全民欢乐斗地主游戏
1559371,VPN - 极速VPN 网络加速神器
1471418,剑雨仙侠传-唯美仙侠精品手游
1555723,龙魂纪元-华丽魔幻3D手游巨制
1555953,暗影诛仙ol-热门仙侠情缘手游
1540672,斗仙剑侠传
1557375,乱世侠客令-天赋各异的江湖门派
1561238,青冥剑宗-放开那仙女
1552699,至尊西游-经典复刻版
1552742,武剑天下-热门武侠动作游戏
1560888,风暴之怒 - 军团再临
1555007,崩坏大冒险 - 征战法瑞恩大陆
1563700,梦幻灵侠-回合制仙侠手游
1463925,"红名霸业-自由PK,超爽BOSS战"
1562614,末世战役-2018末日题材丧尸策略手游
3750,多邻国 (Duolingo)
1561251,决战！阿斯加德-北欧神话大冒险
1560483,鬼武忍者
1524583,3D捕鱼-街机游戏合集
1563729,乱世隐者-横板格斗动作手游
1556596,真三国·赵云挂机版-猛将争霸放置手游
1530826,格斗-王者
1554816,勇闯魏蜀吴-三国国战卡牌游戏
1197552,全民捕鱼高手-天天捕鱼游戏大厅
1561581,仙诀
1564212,终极幻想三国
1557396,末日盟城
1433682,暗黑魔灵-暗黑风动作手游
1515340,沙城微端版  - 热血不灭
1556600,我的逗比时代-欢乐三国西游喜剧大片卡牌手游
1554150,仙剑客栈ol
1564037,制胜棋牌
1559411,钢铁帝国
1543766,仙御沧海 - 青云仙侠手游
1558671,昆仑战纪:正版东方玄幻游戏
1554145,御剑修仙-登录送SS神宠
1530196,究极宝贝-登录送顶级红卡
1559481,三国·军师-全自由实时策略卡牌手游
1563299,决战电玩城—捕鱼娱乐城合集
1531473,三国无敌：策略卡牌游戏
1555114,绝世天尊-超高爆率 装备靠捡
1555921,冒险岛乐园 - 征战法瑞恩大陆
1477277,蓝月德州扑克
1563077,部落英雄 - 军团再临
1512241,群英卡牌战三国x策略挂机手游
1564470,幻梦仙缘-唯美回合制修仙手游
1523465,捕鱼电玩城千炮版
1563999,异鬼传说-冰火万人国战
1553976,梦幻嘻游-Q萌大话精品版
1567283,凯旋牛牛
465131,恒大恒房通
1567252,天火之战：佣兵之王
1564801,旅行青蛙-中文版 养青蛙游戏
1554138,热血大冒险：神奇的小精灵
155776,Patternator 动态壁纸
1564238,全民岛主
1562784,VPN - 西风VPN
1568679,永恒之城-华丽奇幻冒险手游
1559950,养青蛙-中文汉化答题游戏
1570353,百家乐基诺球游戏
7508,人人视频-高清美剧韩剧海外短视频社区
1285634,地球末日生存
2033,万年历-值得信赖的日历黄历查询工具
802000,人人美剧-高清字幕影视播放器
5340,书旗小说-阿里文学出品的小说电子书阅读器
1572811,猎人SSS
1311939,三国卡牌战纪：策略塔防手游游戏
1573005,秦剑风云手游：统一六国
1560207,皇家捕鱼电玩城
1573537,新屠龙霸业-再战沙城1.76
1572812,夏日星途
2230,Snapseed
38383,TAILOR
1564786,九州OL-行侠仗义，有美相随
1553716,灵妖劫
1558678,二代妖精-萌幻西游奇遇记
1559627,星耀之刃
1574476,FINALFANTASY XV POCKET EDITION
1574529,永恒仙迹-2018热门回合制卡牌手游！
1570354,欢乐跳一跳  小游戏单机
1499326,绝地求生:刺激战场
1499325,绝地求生 全军出击
1529424,梦幻精灵-经典西游复刻版
1563277,风云剑
1575481,新热血屠龙-1.76烈焰沙城
1574054,全民街机电玩城-欢乐电玩真人游戏
1560410,石器世界
1575211,梦幻三国-经典三国卡牌爆笑来袭
1559492,时空之翼-超时空对决
1570728,新热血王者霸业-1.76烈火归来
1569883,无极仙道
1526999,大圣 - 属于你的直播游乐园
1576674,择天决-正统仙侠MMOARPG手游
1573042,蜀山剑侠-青云仙侠回合游戏
1576500,侠客异闻录
8953,蜗牛睡眠-超好用的梦话失眠检测神器!
1572077,不思议魔塔-全新mmorpg动作手游
1575523,仙境奇迹-宠物养成手游
1337170,指尖吞食天地-群英称王
1575831,天仙游梦-御剑情缘动作手游
1576505,王朝争霸-热血沙城之传世霸业手游
1577098,中二三国-炒鸡搞笑的三国卡牌手游
826427,Facetune2: 自拍照编辑器和相机
1457773,通天塔: 刺客信条
1245072,懂车帝 - 看车选车买车必备神器
1189660,Guns of Boom
1175192,悟空问答 - 超火爆全民问答讨论社区
1574683,Foodie - 美食相机
1545993,大唐仙语西游
31976,微视-短视频创作与分享
937528,抢红包助手神器-天天红包免费信息
1585572,斩仙诀-2018唯美仙侠回合手游巨作！
1561262,钢铁雄师－集团军
45364,一直播-明星直播交友软件
3869,天天看电视直播
1554699,萌物捕手-手机在线抓娃娃!
908670,秒钱-高收益互联网金融投资平台
1418310,抢红包 - 快手秒抢红包游戏
756183,红包快枪手-达人自动秒抢外挂猎手神器
2285,相机360 - 自拍更自然
979052,地铁跑酷 - 官方中文版
1586040,萌战荣耀-为荣誉而战
319,随手记（标准版）-专业的记账财务管家
1459550,UNICORN - 涂色游戏
973001,小米计算器-好用的全能计算器
1418094,熹妃Q传—新派3D古风交友手游
8216,COOKING MAMA 让我们来煮！
1573967,梦幻神剑
1555705,军师联盟-风云乱世英雄斗智勇
1991,Google 翻译
1578344,天涯明月剑-唯美中国仙侠风
5259,时尚搭配 WEAR
1587450,征途荣耀-东方魔幻史诗RPG游戏
7107,Enlight
1587774,百战捕鱼
1479856,爆炒江湖 - 轻松收集美食经营游戏
490905,炼狱之龙 - 传奇兄弟再携手
1466481,御剑天下ol仙侠：蜀山修仙手游
1399210,师父有妖气-热门西游挂机手游
2768,智联招聘网-找工作求职人才招聘软件
118111,낱말왕
253321,估你唔到
1587839,九州牧云志-唯美仙侠御剑证道
1454371,全民修仙传-蜀山仙侠策略游戏
6408,Boss直聘-招聘求职找工作神器
286439,新年换装相机 - 拜年神器自拍美颜美妆美人
969429,美图美妆-我的随身美肤助理
1998,前程无忧51Job-求职招聘找工作
1464921,WWE Mayhem
26319,全国违章查询-12123交管局数据直连查违章
1520355,修罗道
3871,车轮-查违章2018全国代缴助手
1587407,途途牛牛-真人娱乐下分版
1589834,异域战场-经典异次元卡牌手游
1367566,声控音符 - 输出全靠吼的声控游戏
1591264,蜀山劫-热血仙侠全新卡牌手游
1286631,问仙 - 三界问鼎之争
1591307,帝王电玩城-帝王版
732917,梦幻仙踪 - 聊天交友必备神器(回合制)
1575458,懂球弟趣味足球
1591309,乾坤西游-BT回合制
1592348,霸王攻城 - 热血决战苍穹
1555421,左耳铃声 - 一键设置铃声大全助手
1932,库乐队
1591236,无极剑道-全新热血剑仙动作手游！
1223716,火萤-年轻态视频社区
1561587,战国七雄演义
1561590,酷抓娃娃机 - 在线直播抓娃娃
1519202,激斗三国卡牌-策略三国游戏
1597004,西游之万佛伏魔-即时策略卡牌手游
190971,驾校一点通-科目一驾校学车考驾照必备驾考宝典
1592346,武漫仙途 - 3D问道修真手游
1597814,六界奇侠传-浪漫仙侠唯美回合手游
1596400,精灵物语-守护永恒的爱
1452094,真龙霸业
1492884,埋堆堆 - TVB官方内容平台
1597398,百家乐抓水果
38601,讯飞语记-语音变文字输入的云笔记
1108366,汤姆猫战营
1575877,玄剑之门-国风浪漫回合游戏
795733,修仙幻想-经典萌系回合
1597012,斗战神佛-大圣归来再战三界
1598565,熊猫博士餐厅3
475,讯飞输入法-智能语音输入和表情斗图神器
1437600,熊猫贷款
1587957,开心百家乐-非常好玩
1358030,大军师司马懿-三国荣耀传奇手游
1294172,麻将 四川麻将;血战到底-四人单机麻将游戏
1558683,沙巴克霸主-热血攻沙一战到底
1601918,西游之白骨妖精-创意卡牌策略手游
86581,MediBang Paint
1601920,剑羽苍穹-热血仙侠浪漫回合手游
1249774,QQ炫舞
1587615,仙灵传说-重温经典梦幻手游
1182190,办公室冒险 - The Office Quest
1575973,末日求生：废土避难所-生化战争策略生存手游
1597324,塔防之守护三国-创意卡牌策略手游
1592941,酷音铃声 一键设置手机铃声助手
1597813,小乔传-绝世红颜 奥义连击
3079,大麦-开启你的文娱生活
90778,老铁扎心了！一部玩坏历史的爆笑游戏
1544721,VPN-极速高效稳定的VPN网络加速神器
1337603,型男相机-首款男生专属自拍软件
1239767,黑暗料理王
1593291,vpn - 极速稳定vpn
1600395,亡命时速
4005,PicsArt美易照片编辑: 图片 &amp; 拼贴画制作工具
1605313,HY电玩城
1605516,迷失国度：冒险王者
1441010,少年赵云挂机版-热血刺激战场手游
696020,Alarmy - 闹钟
1360289,QQ华夏
1605339,淘宝特价版 - 手机购物APP
1341608,美团打车-品质安全快车专车打车软件
1602285,九州-双修封神：修仙情缘
1596373,大话捉妖记-西游修仙回合游戏
1604669,小小塔防-三国单机塔防游戏
6991,"嘀嗒出行-打车平台,多种用车方式可选"
1032262,美团打车司机-车主司机招募
5212,脉脉-商务社交人脉拓展求职软件
1596424,神武三国志-风云再起
882912,360借条-分期贷款软件
1600833,网易星球
1606427,萌宠大暴动：石器时代荣耀之战
1555966,剑逆仙侠-一剑开天修仙问道之旅
1612677,78棋牌游戏
1593928,绝地求生手游助手
1611539,萌神幻想曲-Q版萌幻冒险手游
1612814,乱世侠客道-经典武侠江湖手游
1471565,暗影：一直存在
71337,Trivia Crack (没有广告)
1606389,苍之纪元-二次元放置冒险手游
1553692,二次元王者-英雄二次元rpg策略游戏
1608945,幻想曹操传-策略卡牌三国手游
1610035,青云飞仙诀-全民仙侠动作手游
1530696,三国挂机手游版-全民三国志放置游戏
1601261,私服九州修真-修仙无双私服
41784,UU跑腿
1327144,消除者联盟
732961,Knot Fun
1610009,热血龙城OL-热门rpg动作游戏
1107015,三国塔防挂机-火爆刺激的塔防手游
1528965,小说大全 - 小说阅读器大全
4178,英语流利说 - 会打分的英语口语外教，摆脱哑巴英语必备利器
41287,PIRT-梦想旅行
1617139,十二战纪
1617138,OPUS:灵魂之桥
1617045,Kingpin Bowling
1553983,掌上梦幻-随时随地可以玩的回合制游戏
1611541,风之圣痕-二次元古风仙侠
1616592,石器争霸-待现原始霸者归来
37539,上海交通卡官方版
1617137,叛逆性百万亚瑟王
1346472,我在7年后等着你
242423,北京一卡通
1425074,AR尺子 - 增强现实测量工具箱
1505940,《奇异人生》
1575448,VPN - 无限流量，高速网络vpn
1620482,第五人格
4000,黄油相机 - 最近滤镜挺美的
1515246,三国赵云传-3D三国卡牌策略手游
1610621,三国-帝国崛起:乱世兵戈，英雄王者
1605353,阿门罗
1615835,激情修仙之旅-轻松悠闲修真路
1513825,魂战魏蜀吴-年度热门卡牌策略国战手游
1618172,潜龙在渊-三国群英策略对决
7698,烧杯
1616336,至尊传世-单机私服
1400286,塔防华夏英杰传-单机休闲塔防手游
1451166,luckin coffee瑞幸咖啡
1624320,百乐斗牛牛-全民疯狂棋牌
1084,咪咕视频-世界杯赛事全网直播
1516006,青梅煮酒论三国-2018三国策略手游巅峰之作！
1610620,三国志-皇权:无双霸业，三国一统
1623980,幻想计划
1621932,龙之岛 - 萌宠大对决
1212994,大秦帝国风云录-创意挂机手游
1625337,金利炸金花-公平PK欢乐竞技
1606908,新剑侠传说
1555717,天剑苍穹-自由交易爽爆PK
1513285,诸葛神将-全民烧脑策略手游
1623495,散人天堂-横扫天下，兄弟情深
1559969,全民修真挂机版-西游放置修仙手游
9890,好好住-家居生活分享社区
1625061,嘻游记-热血西游卡牌游戏
268854,壁纸 ： 高清手机主题桌面动态墙纸
1626685,幻想神域
1593722,滴滴配送
589446,碳 - 黑白照片编辑器
1616854,指尖漂移：手指驾驶
1571723,轻松跑得快
182666,百思不得姐-最大的搞笑视频糗事段子发源地
1603634,不朽沙城
1525091,三国萌将传-全新卡牌策略手游
2056,糗事百科-真实的搞笑图片段子、视频社区
1529146,Finger Driver
266927,新闻头条-手机看今日新闻阅读资讯
1594113,烧脑游戏3 - 史上最难单机游戏
1568726,三英战吕布-全新策略卡牌手游
1601499,血战屠龙-热血屠龙私服单机游戏
1627865,征途2-嘉年华狂欢版本
1627940,精灵对决-二次元精灵对战手游
403036,菜鸟包裹侠
1515855,萌将战姬-二次元三国卡牌大作战！
1629798,Touchgrind BMX 2
39657,Darkroom – Photo Editor
1408888,山海经异兽录-经典玄幻手游！
7675,每日优鲜-优质水果生鲜
1585528,碧莲
1623200,极致印象
7568,京东到家-生鲜水果超市药店1小时到家
59807,Robbery Bob™
1523974,神将真三国-热门3D卡牌策略手游
1634515,失落之都-角色扮演手游
1634516,烈火如歌-迪丽热巴代言
1631280,赤壁之战-全新国漫风策略手游
1632480,剑网3助手
7958,一点资讯-热门新闻头条资讯和娱乐视频
1635395,海天游戏城-真人在线娱乐
1634717,土豪斗牛牛-属于男人的游戏
872369,Background – beautiful photos
1629271,石器时代起源-部落建设
1531074,逍遥仙灵传-2018仙侠轻回合手游
1552977,Blocky Racing
1632137,三国志10-经典策略手游
1635227,仙侠-苍穹世界:问道修仙游戏
1619942,神人麻将-2018创新麻将玩法high翻全场！
1513250,人vs导弹游戏
1637450,轮回诀-灵契联动
1561416,滴滴顺风车-共享出行平台
1499630,越野泥跑者：旋转轮胎 2018
1591064,及贷-现金借款小额贷款
10186,末日点击 《Doomsday Clicker》
1560749,西游悟空伏魔传-新春版卡牌策略手游
1615864,良法
1613376,创世战士
1322326,PLOTAVERSE•Create Your Reality
1573036,西游之大圣巡山-人气卡牌策略手游
1624173,爱&amp;思助手 - 应用助手
1577315,古剑苍穹-热门仙侠策略卡牌手游
1456332,荒漠乐园 DESERTOPIA
1639382,万象物语
1501067,商信 - 微商达人必备助手
748,微信读书
1585416,西游之水帘洞天-全新卡牌策略手游
1576994,逍遥仙踪-浪漫仙侠回合手游
1434820,微光-看片交朋友
1561677,剑诀-2018仙侠热门策略手游
7332,途虎养车－专业汽车保养平台
1568008,Disc Drivin&#039; 2
2485,掌阅 - 引领品质阅读
186864,变脸时光机 - 变老换脸美图自拍相机
1642974,爱神炸金花-龙虎大战版
1642924,上古修仙诀 -梦幻仙侠，再续青丘
1642973,金鹰炸金花-无作弊真人竞技
1633379,御龙三国:猛将传
1641312,苍穹剑仙-旷世奇缘
1640197,剑侠·天道逍遥
1638604,剑舞之刃 - 唯美仙侠，全民修仙手游
1338009,花生日记 — 少花钱，多生钱
83948,Legendary Warriors
881799,小黑鱼-会员制商城
1643729,比特小队
1643621,影之诗
968310,我的王朝
2987,蜻蜓FM收音机广播电台 - 听相声评书有声小说
1635909,梦幻仙侠手游3d修仙情缘游戏
1643764,风之契约-唯美仙侠梦幻手游
1545428,三国武神:一吕二赵三典韦
1645211,爱胜斗牛牛-高人气真人棋牌
1642992,谋定三国-三国名将策略对决
1580058,恋爱球球（Love Balls）
1644582,地主斗牛牛-高品质棋牌
1618033,暗影骑士-酷炫3D动作手游
1646218,飞仙传
45671,盒马-鲜美生活
1643158,情怀三国志-正版街机
1581660,neets-电影美剧日剧动漫迷社区必看
1640435,NOMO - 你的拍立得
1364348,易通行
1632515,热血屠龙-十年兄弟，携手战沙城
1590953,合金坦克-精品电玩动作游戏
89366,All is Lost
1641298,激萌三国HD
1573870,yy三国-轻松挂机变态版
1647056,青云斩妖记 - 山海奇遇 梦幻情缘
1575881,疯狂部落 — 宠物收集养成策略PK手游
1647053,仙魔奇迹情缘-修仙剑侠手游
1639383,黑暗纪元
1505936,热血修真传奇3d剑侠无双策略手游
1632551,三国 - 三国魔王传：西游3D捉妖霸业无双战国游戏
1586038,青梅煮酒论英雄-2018三国最热策略卡牌手游
