2018-03-23 21:25:43,S2-红名无罪,5,值得玩的好游戏，玩过就知道！
2018-03-23 21:51:02,我的时候了、不想看更,5,好游戏，希望以后更好玩！有趣，丰富！
2018-03-24 10:39:42,彩色丶,5,很新颖的游戏，爱不释手，赞一个~~
2018-03-24 10:40:34,吹起泡泡,5,游戏不同于市场上那些大同小异的主流产品。品质优良，独特创新，好多我喜欢的明星，希望越做越好！
2018-03-24 10:44:34,你心烦啊,5,真的很不错，感觉挺好玩的
2018-03-24 10:51:00,请叫我积木君,5,好评？不存在的。要超级好评！！！从内测开始期待，直到今天，终于可以玩儿啦！票房大卖王真的是炒鸡棒啊！！毕竟看命的东西我比较擅长
2018-03-24 10:54:43,安麻殿,5,当不了明星，我还不能当个导演了！！！我拍的电影，票房绝对大卖
2018-03-24 11:08:25,是男人吗？,5,游戏角色丰富，剧情饱满，自己培养爱豆，为爱爱豆打call～😘😘😘
2018-03-24 11:41:29,骑蜗牛的小贼,5,这游戏不错，体验了一把导演的瘾。晚上还能参加奥斯卡影帝
2018-03-24 11:48:57,HK.jf shu,5,不错👍🏼，走心！
2018-03-24 14:09:46,heaven丶hell,5,值得下载一试，个人很喜欢这种类型的游戏
2018-03-24 16:32:17,浅颜黛夏,1,这类游戏比较少但是不氪金基本拿不到演员，拍的电影都是一两分的那种，一句话，没两百块起步最好别玩
2018-03-24 17:52:58,leslie8888888,5,眼前一亮的游戏感觉，和其他游戏不一样，很不一样。拍部战狼爽一下。
2018-03-24 20:04:46,刹那幻梦,5,好玩，会继续玩，加油
2018-03-25 09:49:15,极坏凵,5,五星好评，请对无刀群众好点
2018-03-25 10:38:06,dhdjdhgdg,5,每个人都有一个电影梦。在这里我能实现我的梦想。很棒的游戏。希望越做越好
2018-03-25 11:26:28,倒带思念,5,taptap测试就玩了
2018-03-25 17:56:34,非常感谢制作组,5,内侧开始玩。一直研究怎么才能拍出票房大卖的电影。  现在又可以开始研究了
2018-03-26 03:35:28,182881912,5,玩了一整天，比较喜欢，也充了点钱，但是我真没发现到底要怎么拍出票房高的片子。难不成是随机的？
2018-03-26 10:15:02,你要知道每次看到一,5,好玩，可有意思了，大家快来玩
2018-03-26 13:27:14,断CcC,5,很久没有这种游戏，值得购买下载。
2018-03-26 13:42:02,ios21区mayer,5,非常不错 玩了一天了根本停不下来
2018-03-26 14:14:46,!!好友,5,还挺好玩的 新颖 可玩性挺多的
2018-03-26 17:12:32,昂角色,5,从内侧结束后每天都在焦急的等待，一款新颖的游戏的诞生总是漫长的，还好我并没有放弃，等到了你！
2018-03-26 20:48:44,lovexye,5,怎么更新了进去就闪退啊！怎么回事啊？
2018-03-26 21:00:20,Mena^_^,1,更新后玩不了，破玩意
2018-03-26 21:01:53,忧伤的太阳,1,我之前玩，还好好的，还充值了，今天更新之后，说什么账号升级？然后我的账号就登陆不上去了？账号出错？位数过多？坑人呢？
2018-03-26 21:57:39,宝宝uuoo,1,每次点登陆就跳转到app store
2018-03-27 01:07:30,北风烈、,5,还没进去呢，一进游戏就跳到评论页面，还没有提示
2018-03-27 01:52:03,最爱小静,1,花钱下载，然后进去就闪退，没得玩
2018-03-27 03:58:07,45587726984,1,一块钱你也骗？我也是醉了
2018-03-27 08:18:33,末末末日,5,活动内容不多，可玩性还OK，这游戏不肝就是氪金比较多，不氪金没什么好演员。。。希望可以多出活动
2018-03-27 09:33:13,李秋枫123990,5,从小就梦想着当一名电影大老板。希望以后多搞活动。新增更多玩法。
2018-03-27 09:35:31,大麻麻,1,昨天更新了之后今天我的账号就上不去 输入账号直接说至少得有六个字母 我就四个字母之前 怎么换成六个字母 更新前还说我的账号不受影响 钱白充了吗
2018-03-27 11:04:13,o xin y,5,好玩
2018-03-27 11:11:45,cjza3d,5,非常喜欢模拟经营类的游戏，能够选自己喜欢的明星拍各种大片，每次看着票房蹭蹭蹭往上涨的时候真是紧张，就是观众口碑太难懂了......
2018-03-27 12:24:18,你的心也是很好用心,1,1块钱当喂狗了
2018-03-27 12:55:40,逗你玩哦哦哦哦哦哦,5,玩了第一天后，感觉游戏画面，时间消耗，游戏趣味性都不错，第二天开始充钱……是一个喜欢的游戏
2018-03-27 15:42:44,hkfjxnkfxbksabk,1,真不是我说这个游戏 因为不是缺钱 这个游戏 你要想玩舒服了 不充值一百以上是不可能的 做游戏做的画面简洁一点不好吗 搞得像某讯的游戏一样 满屏幕都是任务 领取 活动 抽奖什么的 看着都low
2018-03-27 17:25:51,fredwtong,5,之前在taptap测试过一周，非常喜欢，每天都上线~希望制作组可以做得更好
2018-03-27 17:50:51,Scrooged's,5,"我喜欢的游戏！题材很新颖,支持一下，继续拍电影去了～"
2018-03-27 19:53:45,人吧日本,5,玩过蛮多类型的   这个游戏还是蛮特别的   这年头除了mmo moba就是吃鸡了   腻的不行  好的模拟经营太少了
2018-03-27 21:27:23,阿思,5,玩了几天感觉爱不释手啊！根本停不下来 我也能当个大导演了！也算圆了梦了！继续加油
2018-03-27 22:04:33,假的东西还要五星好评？,5,慢慢玩！题材很新鲜
2018-03-28 00:17:16,49942828319958300,5,非常新颖的 体裁 让我想到了喜欢看的一本小说 娱乐星工场  玩的非常开心
2018-03-28 09:12:55,angelana na,1,差评，闪退玩不了
2018-03-28 10:40:52,似雨花间,5,从一开始的测试就在玩了~非常有趣~没有白等这么久，开心~
2018-03-28 17:36:51,还是很值得一玩的,5,我就想知道为什么是一直闪退。有没有解决办法
2018-03-28 18:35:11,玻璃Cǎ子,1,什么游戏呀，付了钱根本下载不了！！！坑～太坑人了
2018-03-28 19:18:44,蔡包子打飞机,5,一直想找经营类的游戏，终于让我找到了！不累很休闲的玩法！
2018-03-28 19:58:29,也图一,1,根本没有地方可以点击 你逗我呢
2018-03-28 21:26:54,年少就猖狂,5,好玩
2018-03-28 21:54:47,何逼逼,1,给了钱下载不了？卧槽，我还是第一次遇到这么坑的游戏。
2018-03-28 22:07:28,示范大学,1,花了一块钱 闪退
2018-03-29 09:31:43,dhdjdhgdg,5,更新之后优化的是越来越好了。 还好坚持下来了。加油。希望做的越来越好
2018-03-29 11:19:23,zomchal,5,有意思
2018-03-29 15:30:40,Sprity神游,5,真的很好玩，拉着身边小伙伴一起玩
2018-03-29 17:23:46,金三胖r,5,哇 非常有意思的游戏 根本停不下来
2018-03-29 19:59:56,小人匹,5,好评点个赞
2018-03-29 19:59:59,游戏测评666,5,第一次玩感觉挺好玩的，就是充值活动太少，首充一下就冲完了，希望多出点充值活动。
2018-03-30 08:49:43,过函谷关v骨灰盒vv嘎嘎嘎嘎,5,玩起来就欲罢不能 希望有更好的活动
2018-03-30 08:51:01,念梨,5,特别好玩的一个游戏
2018-03-30 09:12:56,ntyyy,5,在taptap测试时玩到 期待已久的ios版本终于出了
2018-03-30 09:21:58,gam4666好,5,对喜欢玩经营养成的玩家是不错的选择
2018-03-30 09:28:20,南南锅锅,5,经营模拟养成类游戏，赞一个，一直很喜欢此类游戏
2018-03-30 09:57:52,你吗，哦，哦，,5,我们的生活方式是什么时候回来呀
2018-03-30 10:03:29,几拒高风义节暨哦要告诉我,5,非常好玩 消磨时间的好游戏
2018-03-30 11:21:22,如何思考。色入,1,垃圾，进都进不去！
2018-03-30 11:35:37,海聪明,3,感觉买的30块的助理没什么用，并没有节省什么时间，希望能优化一下，比如商务那一块可以一键批完，市场也是的。
2018-03-30 11:39:48,牛怒u,5,好
2018-03-30 17:25:19,729325173,5,策略类的新奇游戏，非常不错！！
2018-03-30 17:27:32,Kobe24Leo,5,策划啊 为什么苹果支付只支持中国地区啊 我账号是中国账号啊 只不过我不在国内 着急啊 有解决办法吗
2018-03-30 20:54:29,我是你天哥,5,很耐玩的一个游戏 玩了很久很久
2018-03-30 21:52:54,泷211,5,挺喜欢的，也充值买了秘书想长期玩，结果太耗电了，几分钟就哗啦哗啦的，玩不下去了，游客模式删除了，现在想回味也没办法了，哎
2018-03-30 23:43:46,阿戴眼镜,1,如题
2018-03-31 02:09:29,县令主,5,还能有创意的游戏不多了
2018-03-31 10:57:26,好了雨伞我爷们物体看哦wwwwwwYY,5,好游戏内测的时候就玩了！。。
2018-03-31 11:39:16,45268098,5,女朋友让我陪她玩的，一直不评论游戏软件撒的但是发现这款游戏超级有意思，模拟经营游戏绝对首选！
2018-03-31 13:06:59,屋檐上的猫@,5,棒棒哒！！！！
2018-03-31 13:14:13,18372972888,4,游戏不错 ，就是太耗电 玩一会手机就没电了
2018-03-31 15:16:28,铁晶,2,昨天下载游戏就没有登录成功，今天卸载后重新下载登录成功，还充了一个首充。wifi切换4G后再也没有登录成功过，无论我怎么卸载重新下载都登录不上了。必须尽快解决
2018-03-31 15:46:39,飞少爷,4,还不错用来打发时间还不错
2018-03-31 16:43:42,h h shsj,5,玩起来很不错，很值得玩
2018-03-31 18:37:39,jhhugbjiyvnjugv,5,希望尽快开发国外充值，钱不赚白不赚啊！
2018-03-31 18:39:00,齐满满,5,特别喜欢玩经营养成类游戏，这个游戏的特点特别亲民，不再是谁充钱多就谁牛，有很多细节的地方和一些随机因素，非常好玩，推荐！
2018-03-31 21:22:08,Teeeeelmo,5,很喜欢这种电影养成类游戏，感觉还有很多游戏隐藏的东西我没明白。比较有意思。目前不知道如何迎合市场喜好～然后购买明星需要的点赞数太高了。
2018-03-31 22:00:17,eee家,5,个人感觉最吸引我的就是探索如何拍出高分电影了，无奈受虐体质，不管是复杂的计算公式控制还是单纯迎合好奇心作祟，反正已经深深陷入无法自拔，策划开发你们赢了
2018-04-01 04:24:41,御京梦,5,希望改进一下发热情况 游戏非常有吸引力的
2018-04-01 09:49:02,老东西不吃大米,2,游戏上手没难度，但是过10级以后你会发现剧情任务推动很难，这就是强迫你充值氪。刷级最简单和游戏最大的乐趣是拍电影，然而这个一天只能两次，还得氪。坚持0氪玩了两天决定删除。
2018-04-01 09:49:46,如同他咯哦咯,5,我特别喜欢这个游戏，已经60级了，实在是太棒了，鼓掌鼓掌，每天手机不离手，都要这个游戏的存在，不然生活都感觉无聊呢！
2018-04-01 10:16:01,诗雅丶,5,等这类的游戏很久了。终于有了，真心不错。
2018-04-01 10:49:43,Nann雪,5,消磨消磨时间挺好的
2018-04-01 11:24:36,玛拉奥9527,1,充完钱后账号就登不上了
2018-04-01 11:27:21,爱斯卡卡卡卡,5,但是怎么突然连不上去了、服务器爆满吗
2018-04-01 11:30:59,QAQ老司机,3,为什么进不去了呀？突然就显示网络错误！
2018-04-01 13:19:12,23333421,5,一直很喜欢玩这种模拟养成类游戏，这个游戏做的很好。
2018-04-01 14:34:24,vu 林俊杰机会,5,"五星好评求礼包啦
票房大卖王赞的"
2018-04-01 15:26:01,耀丶月,5,钻石很难得，希望多点活动，然后拍摄卷希望能开放各种时限购买
2018-04-01 15:32:42,fengyiru,5,超级好玩！原来很期待的游戏终于有了！
2018-04-01 15:34:53,几钱宫,5,这个游戏超级好玩的说  虽然容易过热  有点影响游戏体验  但是这个游戏不吃手机配置  就算卡也能继续玩
2018-04-01 15:35:39,0000300003,5,玩的很上瘾
2018-04-01 15:37:07,琨彭,5,很新颖的一部游戏！好玩！
2018-04-01 15:38:17,vv绿飞,5,好玩好玩真好玩
2018-04-01 15:41:06,😄我不会,5,这是我一直在找的模拟经营类的游戏，很棒的体验
2018-04-01 15:43:59,天籁纸鸢‘,5,不错的游戏
2018-04-01 15:46:20,hololo1999,5,这个玩法比较新颖，玩法比较特殊。可以玩玩
2018-04-01 15:59:36,魔域阳光,5,第一次见到这种养成游戏，不用氪金也能玩下去，不错👌
2018-04-01 16:01:39,小苏摩89,5,真的好好玩呀！与人合作其乐无穷.拍的烂片再多都开心.一部片子爆房就能激动好久.好游戏呀！
2018-04-01 16:04:06,还步兴,5,刚开始玩，感觉还是不错的1111
2018-04-01 16:05:15,小米3234321,5,今天刚下载的 玩的挺有意思
2018-04-01 16:06:30,情殇o,5,点赞有点难弄啊！
2018-04-01 16:53:17,mycyd,5,还是有一些小瑕疵但总体来说还算一款新颖有趣的游戏
2018-04-01 16:53:46,丿天边灬,5,比较喜欢经营类游戏，这个很新颖，很不错，已经入坑了
2018-04-01 17:44:43,Anson浩南,5,打发无聊时间必备神器！！！
2018-04-01 17:51:53,格朽,5,我特别喜欢玩开罗游戏  这个游戏给了我开罗游戏的感觉 这是我玩过最棒的模拟游戏了 给个5星
2018-04-01 18:10:02,神武伊恩,5,不过好像是联网玩的……刚开始玩
2018-04-01 18:16:20,冷面大王,5,很新颖的卡牌游戏  公平竞技拍你喜欢的电影
2018-04-01 18:28:36,林大哒,5,会入迷 一下午就在等着收票房 收美金
2018-04-01 19:32:24,我们的生活QQ,5,良心游戏
2018-04-01 19:50:01,进不去要疯了,5,尝试一下，喜欢玩模拟经营游戏！
2018-04-01 20:00:04,fbnjik,5,这游戏比较有意思，很看各种演员的配合…不错不错
2018-04-01 20:12:17,瓦塔诺娃,5,这个游戏真的是突破了传统，比较有意思
2018-04-01 20:14:05,为了解锁而来 白哉,5,很不错的养成类游戏
2018-04-01 20:20:57,Kiyoyi倾,5,为赫敏小可爱疯狂打call
2018-04-01 20:30:45,姚明智,5,好玩，个人很喜欢这类游戏
2018-04-01 20:31:02,烧焦的花园,5,为什么我切换了大陆地区，还是不能充值
2018-04-01 21:08:59,支持你哦好好,5,玩了几天根本停不下来。强烈推荐
2018-04-01 21:24:28,桃阿紫,5,游戏做得好
2018-04-01 21:44:51,1473043356,5,很好玩的一款游戏
2018-04-01 21:50:21,alimumu,5,游戏玩了有一段时间了。发现这个养成类的游戏并没有其他游戏那么的金钱至上，有些东西不是用钻石能买到的，很喜欢，可玩性很强！
2018-04-02 01:24:58,秦无炎最厉害,5,很新颖的方式，就是获取5星明星太难了
2018-04-02 09:23:59,发件人是你父亲,5,很好玩特刺激 一秒上瘾
2018-04-02 09:53:16,小小十二,5,非常好玩的游戏
2018-04-02 10:26:18,皮卡乒乒乓乓乒乒乓乓,5,"玩法挺有趣的！一个一个电影收钱然后出去宣传 真的有经营一个电影公司的感觉.... 
充了秘书的那个 但是感觉没有太多用处...？ 点到艺人可以看见交谈和建议的选项暂未开放 希望早日完工啊～"
2018-04-02 11:22:16,小忆暖男,5,很好玩，就是有点难，希望再改良
2018-04-02 12:32:57,星球总裁大人,5,游戏很有新意，是原创游戏组的设计，这种模拟经营类的游戏真的很好玩
2018-04-02 14:28:27,狐狸423,5,玩法不错，可肝可随缘！大片全看脸！适合长期玩打发碎片时间。
2018-04-02 15:22:02,Brian杨,5,非常好的题材游戏，拍电影我喜欢！继续努力，加油！
2018-04-02 15:39:41,Blue天天123,5,苹果商店终于出了一款对玩家口味的经营类手游，值得一试，期待后续新玩法
2018-04-02 16:13:08,26075963,5,游戏很不错可玩性很高
2018-04-02 16:27:11,小煜000,5,自己病一次一块睡看咯胡明明距离自己pls立体机李依玲抓手机自我命令你他自己十几亿底裤估计KKK路几哈呵护她在真
2018-04-02 17:58:03,jwxuan,4,挺好玩的，但是很烫很费电！
2018-04-02 18:37:38,古今一辉,5,真的不错，有空就玩
2018-04-02 19:02:07,召唤龙哥,4,重点  优化 优化 优化     这游戏太费电  手机太烫      必须优化啊  不然人只会越来越少  你想大热天的手里拿个暖手宝   还的那个充电宝 谁愿意
2018-04-02 19:42:47,feng1234321,5,上瘾了 就是合作系统稍微改进下就好了 老是碰到弃坑的
2018-04-02 19:53:01,vnksksncn,5,确实不错，比较新颖的模式，氪金不强制。上班没事点点就可以！五星！
2018-04-02 20:04:25,兔子先生xhj,5,这是个好游戏大家多支持
2018-04-02 20:04:29,毐。,5,很不错不错。
2018-04-02 20:24:37,呐尼007,5,游戏挺好玩 现在玩到38级 还有好多内容没解锁 挺耐玩的
2018-04-02 20:38:32,阿里巴巴噜啦啦,5,个人认为很有趣的游戏诶！像我很多年前玩的制作游戏的那款单机手游。挺不错的 就是。要票房大卖真的有点难...
2018-04-02 21:15:47,阿杰萨满,5,希望优化粉丝见面，各种动画有点烦！
2018-04-02 21:23:27,竹焕清,5,玩法比较新颖，比其他模拟游戏可玩性高。
2018-04-02 21:42:56,zz小花雨,5,刚玩儿就果断月卡小秘书了，真的很喜欢这类游戏，有些玩儿法微微有些苛刻，如何去更好的制作好一部电影引导不太明确，相信以后会越来越好
2018-04-03 00:00:05,铁晶,5,"昨天下载游戏就没有登录成功，今天卸载后重新下载登录成功，还充了一个首充。wifi切换4G后再也没有登录成功过，无论我怎么卸载重新下载都登录不上了。必须尽快解决

4G和wifi都登录不了，角色名称冰冷帝王"
2018-04-03 00:41:19,断CcC,3,不理解票房组成算法，全部数据1000以上，大众8以上，观众平均居然18，票房看脸，没有原则，小秘书充值鸡肋，不能统一计算，太耗费时间，很多地方设立不合理，希望即使调整，粘性不大。
2018-04-03 00:55:53,crystalttttttt,5,经营类游戏，有一定的深度和想象力，像单机，但是合作模式很新颖
2018-04-03 04:52:40,范鑫阳,5,还挺好玩的，控制不住自己冲了159块钱......慢慢优化改进细节吧。
2018-04-03 10:32:53,管仙人,5,天使投资
2018-04-03 11:40:36,Fgbuyfg,5,新颖的类型，刚入坑试玩中。。。。
2018-04-03 14:21:18,維泩素,5,游戏很好玩，就是需要优化，耗电
2018-04-03 15:34:21,我是一只马,5,值得一玩
2018-04-03 15:42:20,欧巴🔥杰总,5,这个游戏很不错，特别好玩，希望还能多多改进，整个破解版的也不错哦
2018-04-03 16:15:17,肝毒行动,5,游戏还不错。
2018-04-03 16:44:22,vvvvvvvvvvvbvvvvvvvvvv,5,可玩性很足的一款游戏，非常棒
2018-04-03 16:46:47,曺曺,5,很好玩的游戏！！
2018-04-03 17:39:26,拉姆塞拉姆,5,闲的时候可以随时玩，忙的时候不必时刻盯着屏幕。五星好评
2018-04-03 18:12:59,瓦利亚兹,5,嗯
2018-04-03 18:18:37,Mao0527,5,一个非常耐玩的游戏，不花钱也能玩哟
2018-04-03 18:41:45,大爹他爹,5,玩第二天，总体的感觉还是挺不错的，一款模拟经营小游戏，但是刚开始拍的电影基本上都是烂片，还有就是剧本好像都是那些，不太多，希望策划可以多出点剧本，整体玩的感觉还是挺不错的。赞👍
2018-04-03 19:30:50,除去粗还是粗,5,很好玩！
2018-04-03 19:41:48,Goodjjjdnjdibs,5,挺好玩的今天开始就一直玩了
2018-04-03 19:55:58,星星1313ljj,5,很好玩的一款游戏，可玩性很高，玩法多平常没事都可以玩。
2018-04-03 20:44:33,1417158,5,好久没有迷手游了，好玩～
2018-04-03 21:17:52,Linicolas,5,很喜欢，就是有点难
2018-04-03 21:29:25,bovey7,5,比较容易上手，不费时间，还在磨合期，希望能拍出大片！
2018-04-03 21:39:03,丿丶Mmmmmm男Ren丶,5,有意思。
2018-04-03 21:50:05,好好看富士国,5,很喜欢这种题材的游戏 百玩不厌
2018-04-03 22:01:59,萧院长,5,值得玩玩
2018-04-03 22:02:22,迎风启航,5,游戏做的不错 这是我一直想找的类型 给开发者点赞666
2018-04-03 22:03:38,h h shsj,5,玩起来很不错，很值得玩
2018-04-03 22:13:29,秋风揽明月,5,游戏总体来说还好，不过有好多细节问题没有大的优化，从测试玩到现在公测，整体还是不错的！
2018-04-03 22:54:43,霍振波,5,很棒的经营游戏，玩法有亮点
2018-04-03 23:37:56,IvanSuper5,1,一个半成品，金钱都无法让我体会到快乐
2018-04-04 00:59:37,丶一枝梨花压海棠,5,游戏的娱乐性非常强 适合休闲的时候打发时间
2018-04-04 09:34:54,董飞鸿,5,好玩，比较新颖，而且不氪金，200块就算大氪了
2018-04-04 11:40:15,Cecilia ty34,5,以前单机酷爱养成游戏，相同类型玩过模拟电视台，那个马赛克画质真是怀念，入手第二天，目前沉迷在探索的乐趣里，还有分区排行各种刚
2018-04-04 13:33:56,MMMMMM's,5,有些功能真的很迷～金币用很快，点赞不能换。不过题材新希望自己能玩下去
2018-04-04 14:06:51,推土机狂魔,5,刚开始不会玩，慢慢知道怎么可以拍出得分高的电影，只是总是出那几个电影，都拍腻了，后来新开个号，发现竟然人物和电影有新鲜的了。游戏设计新颖，至少短期内不会腻。
2018-04-04 17:56:18,UID：1064387,4,"还不错，挺好玩，说几点值得改进的：
1 耗电
2 培养券太难得了，培养一次提升又很有限
3 应该提供升星的功能
4 票房随机性太强了，经常媒体评分7分8分但大众口碑和票房特别差，可以有随机性但也应该有一定相关性"
2018-04-04 18:59:15,godC13538021115,5,就是玩久了 手机会烫 而且很耗电
2018-04-04 22:06:20,s g yu i o h,1,不充钱几乎进步很慢
2018-04-05 06:59:02,五七厂,1,票房完全看脸，可否出个教程解释如何拍大卖，同样演员同剧本，两次拍摄天壤之别
2018-04-05 08:41:16,Mr.LinJP,5,不错的游戏
2018-04-05 11:40:41,QQ仔阿Q,5,看完电影自己拍一部题材很新颖就是星探招人点赞数很难，总结一部蛮好玩的游戏。
2018-04-05 12:00:22,浦城龚雪峰,5,这个游戏可以玩，挺好的，有自己想要的明星脸。
2018-04-05 14:04:43,枫若影,5,挺好的！游戏很创新！我喜欢的类型！
2018-04-05 14:58:35,花黎丶丶,5,很好玩
2018-04-05 14:59:14,曾庆勇,5,pc的电影大亨一直在玩！难得手机也出了！玩了那么多游戏！第一次写评论！真心觉得游戏不错！希望越来越好
2018-04-05 15:02:33,king_000,5,希望能多出一些五星演员.
2018-04-05 15:29:53,Daizbo,5,游戏很不错，值得一玩
2018-04-05 15:38:55,幽寺,5,支持一下～
2018-04-05 15:59:21,IvanSuper5,1,半成品+超级氪金
2018-04-05 16:27:33,jc94815,5,模拟养成的养老游戏，可以来试试，轻松休闲，稳定，好玩。
2018-04-05 20:18:49,晓风逢迎,5,这个游戏很新颖，希望越做越好
2018-04-05 20:24:14,看世界⬆️,5,不怎么肝  爱不释手哈
2018-04-05 20:33:42,天籁妙,5,你在这里成了导演，精心选演员，挑剧本，避免烂片，创造出自己的导演之路。近期少有的好游戏，希望以后能继续做大做强。天籁妙
2018-04-05 22:19:59,糯哥,5,游戏挺好的，但是为什么只能大陆地区充值
2018-04-06 00:05:18,呆出天际,5,挺不错的经营类游戏
2018-04-06 04:48:19,12343268,5,玩了一会  很好的游戏
2018-04-06 09:41:46,Zhou15127624668zyp,1,垃圾游戏根本玩不了。下载还花1块钱。抖音推荐的垃圾。真的是骗人的
2018-04-06 09:47:52,HungCC,5,游戏不错
2018-04-06 09:52:08,哈哈大笑4684,5,不错不错
2018-04-06 10:57:59,李赫赫是宝宝,5,这款游戏超级耐玩，很多新元素加入。让我们一步步探索！每次都玩到半夜，其实抽时间玩玩就很好了。但是太好玩了，一直守着。
2018-04-06 11:06:41,小说爱好者11,5,新颖的游戏模式，目前玩着挺有意思。但目前票房的具体联系还没摸清。
2018-04-06 11:12:50,哦无聊了,5,画面很好，用户体验非常高，是个好游戏的哟
2018-04-06 11:13:26,叶影斑驳,3,整体游戏和玩法都不错，也比较喜欢这种类型的游戏，但...耗电太快了……玩一会手机会特别烫，所以给3星，希望开发者再优化下游戏性能...
2018-04-06 13:02:00,Fatina-liu,3,玩了两天了，果断入手小秘书，但玩着玩着发现他能做的并不多...针对30元钱来说不太合算，希望开发者增加小秘书智能，譬如生产和订单方面也能有所体现，谢谢开发者，挺好玩。
2018-04-06 13:05:31,彼岸云端rxy,5,不太需要氪金的好游戏，玩到停不下来！
2018-04-06 16:50:40,哈宝军说,5,贼好玩 谁玩谁知道
2018-04-06 16:57:12,南阡65428,1,如题
2018-04-06 23:12:06,z zzzzz,5,"游戏内容玩法十分新颖
可以用自己喜欢的艺人去拍摄各种不同类型的电影
非常赞 不用氪很多的金
打发时间的第一选择"
2018-04-07 00:57:16,Dzrdcr,1,我在活动 支持偶像里面 充值 想有排名拿丰厚礼品 也想拿单词充值满金额的礼品 结果什么都没有！！！ 骗人的游戏 ！！！ 我充值了一百多了 ！ 白充值了！！！
2018-04-07 12:19:54,方圆丿,5,游戏设计得非常棒 可玩性强
2018-04-07 14:26:51,迟兀,5,游戏玩法和题材挺新颖的，不过玩法还是太少了，建议多增加一点。这游戏不怎么氪金，适合打发时间。最大的问题是切出去再切回来会卡住，其他暂时没发现
2018-04-07 14:53:43,O多多,5,好好好
2018-04-07 23:37:13,海聪明,5,上一次提了有关秘书优化的问题，开发人员不但积极的回复了，并且在更新后也确实优化了秘书的速度和关于粉丝来访跳楼的现象，特别的棒。赞一个，开发人员辛苦了，谢谢。
2018-04-08 00:52:19,毛小璐,5,玩了一周，还不错哟
2018-04-08 02:58:49,D_Dvel,1,玩了些开罗游戏后，再玩这种把玩家当傻子的国产游戏有些头疼。
2018-04-08 09:33:13,DandJ33,5,第一部电影题材的手游，很有创新意义，非常喜欢这类电影养成类游戏。
2018-04-08 09:52:34,山寨先生,1,介绍里可没说这是款网游，需要接入互联网啊？？？
2018-04-08 10:48:27,怂君,4,直至没找到在哪里能改自己的名字，以及媒体评价七点几大众口碑才十几分是不是有点过分了
2018-04-08 14:18:23,请问的财富,4,我只看到过20分左右，40分左右。60分左右，请问其他的分数去哪了？这个分数完全就是随机给的
2018-04-08 17:20:37,看看看没,5,游戏系统不错就是没啥攻略，全靠摸索...票房大卖随缘吧
2018-04-08 17:54:20,蓝翔技校毕业生,4,游戏总体来说在养成类中算比较好的了，氪金也不一定比普通玩家有用，希望完善别的方面吧
2018-04-08 19:46:01,还是带回家的亟待解决,1,刚下载就爱不释手、有点像日本的物语系列！可玩性很高
2018-04-08 23:34:33,猛大侠！,5,游戏不错，很好玩。五星好评
2018-04-09 00:26:19,Ccpppppppp,5,不是很好耗时间 是我目前玩起来比较好的一款养成游戏
2018-04-09 00:39:09,乐乐烁,5,这游戏让我想起以前小时候玩过的明星志愿 蛮有意思
2018-04-09 14:41:19,雅典勇士,5,游戏很新颖 可玩性高
2018-04-09 16:38:31,跑俩圈儿,5,这游戏不错，好玩
2018-04-09 17:12:08,橡皮-Z,2,就是一直提示我需要输入6-8位，我明明就输入啦
2018-04-09 17:51:39,彡旋律,5,打发时间挺不错的
2018-04-09 18:26:18,浮昇未歇,5,这游戏非常好玩，强烈推荐
2018-04-09 19:17:10,阿里啦咯来了哦哦,5,真心不错！
2018-04-09 20:27:44,godC13538021115,1,而且玩久了 手机会烫 而且很耗电
2018-04-09 21:19:28,单行线潮牛社,5,很好玩！期待好久了
2018-04-10 00:59:39,活尸,5,蛮喜欢这个的美术风格，娃娃屋式的场景设定很有趣。游戏模式看到了开罗游戏和电视梦工厂的影子，不太舒服的是UI方面欠考量。希望越来越好
2018-04-10 01:00:10,呵呵呵呵呵呵时候啥啊,4,玩了段时间然后关闭后台，重新启动发现现实下载错误请重试 删了重新安装都不行 什么玩意
2018-04-10 08:33:05,推动一府两院,1,花了钱下不了，一块钱也骗，老子当喂狗了
2018-04-10 09:47:11,麦斯丁,5,为什么冲个钱还只能国内才行啊？！？！
2018-04-10 10:45:40,echo评呀评,3,"谁能告诉我如何建造全国商务部？
谁能告诉我如何建造全国商务部？
谁能告诉我如何建造全国商务部？"
2018-04-10 18:14:38,抽抽抽抽抽抽神,5,这游戏有毒，一玩就停不下来，不错！五星好评
2018-04-10 21:10:38,清风微微139,1,我去这游戏钱都花在买榜首上了是吗
2018-04-10 21:25:01,诶揉揉,4,游戏题材比较新颖，可玩性不错，每天拍个几部电影，打发时间。这边要吐槽一下，我拍的电影媒体评分大多7/8分，可是为什么到了观众这边就一点点，票房也是惨淡，这不科学啊，希望可以改进一下。
2018-04-11 00:00:31,鹏德贸易,1,完全就是单机，不值得玩！差评，不管怎样都玩不出效果，一群机器人陪你玩。总有比你牛的，也有比你差的。呵呵呵
2018-04-11 11:29:53,色即是空都觉得你的,1,上午九点氪个秘书 现在游戏都进不去了 什么垃圾啊
2018-04-11 11:31:27,zalbertoz,1,都进不去玩啥
2018-04-11 11:32:07,零零落落零零落落的事,1,在群里说还没有客服答复解决 垃圾游戏 只知道骗人氪金 连在攻略里面都是骗人氪金 找骂
2018-04-11 11:41:29,啦啦啦啦具体,1,链接不上服务器？？？？？？
2018-04-11 11:42:15,000111222111,1,如题
2018-04-11 11:47:12,mgngupjgdtp,5,推荐推荐推荐！！！！
2018-04-11 22:03:04,Simiely,5,希望以后不会太氪金
2018-04-12 00:28:09,萬明,4,是维护吗
2018-04-12 04:00:19,Ushsisisj,3,如题升级仓库的水泥霸占了仓库数量，又不能扔不能销毁，又不能升级，升级仓库还要限等级，每天拍电影都给N多个水泥。你教我怎么办，水泥占了我半个仓库！！！要不你就别给要么你就给我升级！
2018-04-12 11:02:35,过气结巴,5,挺好的游戏，很打发时间，又不太耗时间
2018-04-12 11:30:50,雨神离,5,还有票房是随机的吗？评分高，口碑好没有票房，拍的烂片反倒大卖？
2018-04-12 17:49:58,最好的三国游戏,5,杰哥，星爷，龙哥……美元为什么不能挂机获取，就150那个……票房全部加个0把，和实际差距大！加点玩法和剧情吧！希望游戏越做越好
2018-04-12 23:44:19,萬明,5,ᙏ̤̫
2018-04-13 00:55:22,寒冬过客,1,没钱根本玩不了
2018-04-13 11:06:46,忧伤的河豚,4,模式玩法都挺好，玩久了手机会发烫，遗憾的卸了
2018-04-13 13:36:14,语戒,4,优化刻不容缓，不然最后肯定凉在优化上，耗电发热严重
2018-04-13 17:44:26,sam213458,1,坑
2018-04-13 19:36:13,好的是的欧耶,5,花的时间也不多适合休闲娱乐
2018-04-13 20:45:55,S ak ko,5,游戏其实可以的，不过有点小小的提议，媒体和观众都给了不错的分，有时候票房却不理想，是不是太随机了一点？
2018-04-13 21:46:32,czmiller,5,玩法新颖，良心好游戏。期待推出更多新玩法。
2018-04-14 11:27:01,popo1233,1,太耗电
2018-04-14 13:18:58,陈star,5,好玩
2018-04-14 14:28:00,寒冬过客,1,没钱根本玩不了，花了钱就闪退，几个意思？
2018-04-14 14:38:07,凡人皆有一死，,1,显示数据出现错误然后就闪退出现。
2018-04-14 14:39:31,tsjackal,1,不是网络波动，就是断线，现在直接变成数据出错无法登陆……差评
2018-04-14 14:39:55,不静静不拿拿,4,突然就死活登录不上了，点完登陆进去就弹对话框出来，然后闪退。
2018-04-14 14:45:11,茂gu,5,游戏进不去，一直数据出错
2018-04-14 14:53:18,于颖婷,5,一直数据出错是什么情况
2018-04-14 16:57:50,拉登去,1,这游戏随意暗改剧本演员要求也不发公告，有了点人玩了就拼命的搞充钱活动，各种设定也没有说明
2018-04-14 21:13:08,G h j gu k,5,希望能开发出 其它的游戏 饭店啊 地铁啊 火车 飞机 什么的经营游戏 这个是我玩过最好的经营游戏 太赞了 加油加油
2018-04-15 00:14:59,哦啦错哦啦啦,1,本以为是单机游戏，花了一块钱下载来玩，结果是烧钱的手游！！！
2018-04-15 01:22:20,loyelck123,1,又是一个人民币玩家游戏，国内开发商能开发几个可玩的游戏吗，都是免费玩想方设法让你充钱，这还收1块钱，坑人，建议不想充钱的别玩
2018-04-15 03:20:19,青小黎,5,快上好友系统啊
2018-04-15 05:05:03,必须要写一个,4,毫无疑义的甚至有些鸡肋的秘书系统，整个画面风格也毫无代入感。
2018-04-15 14:00:06,软萌尐尐苏丶,5,游戏挺有新意挺好玩
2018-04-15 17:40:44,批天才,1,我不否认这个游戏的确具有一定的可玩性，但是居然连客服都无法查询账号的相关消息，简直重来没有听说过，希望你们能改进，这一颗星是我对你们这个团队的失望
2018-04-15 18:24:24,Love zcx,4,玩一会手机就没电了，手机发热现象很严重，望改进。游戏还是很好玩的！
2018-04-15 20:29:52,看看看没,5,游戏系统不错就是没啥攻略，全靠摸索...票房大卖随缘吧
2018-04-15 21:11:11,Tungsiulun,5,可以推薦玩一玩 不花錢 有意思有特色
2018-04-16 00:11:49,好Game 好遊戲,1,真他媽會坑錢
2018-04-16 04:53:28,橘子蛋包飯,4,艺人培养意义太小，艺人不能升星实在是恶心。电影的类型也太少了一点。
2018-04-16 16:03:48,jgmtpwa,1,一直提示网络问题，已经给了权限，无线和4g都不行
2018-04-16 20:49:15,我是你天哥,1,玩了一段时间的玩家 游戏漏洞多 客服解决不了问题 一个问题弄了2个星期没弄好 客服留言差不多2天之后回复 游戏本身没什么套路
2018-04-16 23:46:55,Sheldon Chan 1122,1,为什么不让海外的我们充值 到底你们还没开发好还是以后都没有？本来下载了要充值拿个秘书的 居然不给我们充值 真的很扫兴 还怎样继续玩下去 给个很好的答复我们
2018-04-17 04:31:52,HyperionDK,1,标题
2018-04-17 17:46:23,值得去下载，试着去玩,5,城市收益在哪里
2018-04-17 18:04:12,赤焰妖狐,1,充值双月卡加永久秘书，坑钱点太多了
2018-04-18 11:30:14,优尼美壳,5,像明星志愿风格，不错
2018-04-18 13:26:21,我只想评价不想纠结昵称,1,玩法没什么新意，跟国内卡牌游戏没什么本质区别。
2018-04-19 05:21:34,Julank,1,真心不明白，评分8.8，口碑却19，票房很低，真的需要改进
2018-04-19 11:04:57,三亚梅西,4,太看脸了，影评人9分，观众，80，居然只有几万票房
2018-04-19 14:54:44,Eao丶,5,0氪玩家 玩得还是很舒服
2018-04-19 17:56:46,565896845,1,为什么登录显示下载错误！上午还好好的下午就进不去了！第一次遇到这么垃圾的游戏！
2018-04-19 19:02:42,jdndjxndjdn,3,没什么规律，越到后面越觉得无聊，前期玩玩觉得挺有新鲜感，但是各个地方都不是很完整，容易陷入死循环
2018-04-19 20:51:59,可小白,1,这游戏不买那个破秘书能玩？
2018-04-19 22:40:41,黄而不腻,4,"这个题材的游戏不错，制作也算精良。
希望能改进下明星的获取方式....这个套路玩腻了"
2018-04-19 23:08:14,带动开发经费,1,充了一百多，玩了一周，还没发现什么票房的规律，对时间要求太高，要玩好冲榜非得全天，没半天根本用不完剧本，游戏还是很新颖，还是比较坑钱，说明不足
2018-04-20 04:15:24,大年糕儿233,3,刚开始玩的时候觉得蛮有意思的，也会想去探索拍高分电影上排行榜。再到后来实在是…太消耗时间了，为了攒期待值什么的，希望在这方面可以优化一下…
2018-04-20 11:32:49,语戒,4,优化刻不容缓，不然最后肯定凉在优化上，耗电发热严重，满电都玩不了多久，出门在外不带充电宝都不能玩，天天出充值活动，就不能赶紧优化游戏？还是打算坑完一波钱就撤？弃游了，太费电！
2018-04-21 06:20:10,LLoris都有人用,4,"第一 街区一档 到底有没有真人 
第二 票房到底是不是随机的 
第三 感觉应该加入升星的功能 不然心血都白费了"
2018-04-21 11:16:01,我的名字是钟大雷,5,都不知道到底有哪些明星，增加的图鉴便于收集
2018-04-21 12:16:36,蛋蛋星人,1,这个游戏是我见过BUG最多的手游每天都会有问题，更新就会有问题！游戏公司游戏的类型还可以，但能不能开发好了在放出来，优化不好，游戏体验差！能不能把游戏本身做好谢谢！
2018-04-21 13:07:31,各类您是,5,为什么一直在初始化 要重新安装？
2018-04-21 14:08:30,说些问题1239,1,所有的活动只有冲值活动，游戏里面到处都是bug，官方的商店一天一个价格，看大家买的多就变更物品内容并且提高价格。服务器重启都在线踢玩家没有公告的。除非能冲万把以上不然别玩了，什么都拿不到。
2018-04-21 14:16:25,秋风有点冷,1,那些合作的人每次都是领任务我帮他做了，他还不肯领奖励，恶心的要命，换了三个就不给换了，玩到145级游戏已删，合作玩法太恶心了
2018-04-21 14:24:55,力量天空之城,4,很喜欢玩，想长期玩。但是遇到bug 啥都干不了，也没地方能反馈一下
2018-04-22 00:49:49,Smy067431,1,付费下了之后玩了5分钟不到就删了，很无聊
2018-04-22 10:09:09,AisakaTG,1,音乐居然抄奥德赛的 玩法上和游戏发展国相似 自己做个游戏不抄袭就这么难吗
2018-04-22 14:27:35,吴秀逗,4,媒体评分8分，大众评分才三四十……太夸张了吧…烂片也可能大卖，好电影有可能票房低，这是正常的，就是感觉评分级制不合理，希望能改进
2018-04-22 15:38:16,忘忧岛820,1,游戏快黄了，游戏准备坑一比，就关门。血淋淋的教训，奉劝大家别下载
2018-04-22 18:35:33,怪盜キード,1,偷偷暗改，就为了圈钱，这游戏千万别充值，可以娱乐，哎，白瞎了
2018-04-22 22:31:22,看见葫,1,冲了点钱vip6   每天任务都完成不了  坐等山寨版
2018-04-23 01:27:34,Lchsn32,1,这游戏乱七八糟，你加入这么多没营养的玩法，变着花样让人充钱，各种耗时间的什么公务，制作周边的！能不能化繁为简？骗钱的招数少一些？垃圾游戏！
2018-04-23 01:30:02,恶意扣费求解释,1,在游戏里购买了30元的商品，扣费以后发现扣除了61元。求游戏开发商解释……
2018-04-23 08:29:28,夜扰乱了谁的心,1,🤫
2018-04-23 09:45:44,有人用过昵称去死,2,氪了个至尊月卡跟永久秘书，玩了几天下来，可玩性还可以，画面制作也精良。但是bug太多，玩几天就没有心情玩下去了。
2018-04-23 12:29:49,杨羽12345,1,之前没赞的时候天天刷出两三个四星，现在赞多了，一周了一个都没看到，这事不用洗绝对是事实啊
2018-04-23 12:42:52,默浅笙箫,3,本来只想玩单机模拟经营的我……只能很失望的拜拜了
2018-04-23 13:19:34,是一颗星星拌草莓,3,媒体评价8分观众评价10多分也是醉了……完全没有什么规律可寻，玩了两天感觉有点无聊了
2018-04-23 16:54:08,改善肌肤更,5,为什么充值不了。 显示订单提交失败当前苹果支付只限中国大陆支付
2018-04-23 21:35:16,miki家,1,收费游戏。里面很多收费套路。还限制拍摄数量。那你还卖一元干嘛。说是支持原创。系统只不过把开罗游戏世界换了一个皮 做成网游。增加一些收费的项目而已
2018-04-23 23:16:43,Hhvfghjkkbbgf,4,题材很有意思，但玩的时候容易发烫，玩别的游戏不会这样
2018-04-24 06:55:53,好莱坞集团,5,希望能在游戏的性能上多一些优化 bug太多 有的时候小人会卡在一个地方不能去见粉丝 等等 虽然问题不是很大 但还是希望能够一点一点改进
2018-04-24 15:21:57,生命之西,5,刚玩几天了还在街区二档，想找组织一起探讨怎么拍出更好的票房呀，嗷嗷停不下来了
2018-04-24 17:43:16,黑夜中的火焰,4,"拖时间的任务系统很失败，还不如加强拍片系统，也就这么个爽点。
氪金系统对收集艺人用处不大，因为氪巨量也还是要大量时间。大概数值设计师是奔着氪金玩家半年通关，普通玩家一年毕业的目标做的。
非常的诡异"
2018-04-24 19:42:35,minipipepe,1,不克金没得玩，一个五星演员一万人民币，客服更加搞笑。评分系统乱七八糟，好友系统都没有，游戏整体给人含糊不清的感觉。玩了几天不玩了，冲的钱的钻购买力极低，一星
2018-04-24 23:55:23,SuckJ,5,不充钱也能拍出好电影，前提是你认真琢磨了。
2018-04-25 02:26:32,3456890后,1,被人坑了个号，问问客服，完全不管，几千块钱。。充值问题第一时间组团解决。。这种为钱的运营就是一笔过。。弃坑吧
2018-04-25 10:59:16,轻风浅浅笑,1,早上充了30，现在就连不上服务器了是什么鬼
2018-04-25 14:48:33,嗜血丶轩辕,5,设计很不合理，bug也不少。
2018-04-25 15:24:40,我家猫叫kusiji,3,好游戏，收费也行，但不能拍个电影全靠运气，建议剧本来自精品电影，国产片里的烂片剧本太多。艺人培养确实无用，浪费本子，才增加1-2个能力进度，不如用金币升级呢，设计咋想的
2018-04-25 19:04:23,wzzlsn,3,刚开始玩bug很多，手机也很烫，8p，费电很快。玩法不错，就是氪金非常不合理，很不开心
2018-04-25 23:46:53,愤怒的丹儿,1,毫无意义的游戏. 特别浪费时间.而且特别无聊，钻石比沙土还要廉价，一万多钻石就抽到五星明星5个碎片，合成需要50个，逗死我了
2018-04-26 00:41:36,LDLQ,1,刚下载冲着题材氪了200多金，卡着新公务0秒的bug没法解决，反馈还没人回，真不知道怎么玩
2018-04-26 13:02:43,糊涂的糊涂蛋,1,请不要这样好吗？1块钱而已，根本进不去，一直卡在更新界面，真可爱，算我赏你开发了，好人一生平安。
2018-04-26 16:42:49,Serena299,2,等好久才能拍一部
2018-04-26 18:12:00,Wait For...,5,模拟经营类游戏这是我唯一玩到的一个有点意思 不是粗暴的金钱至上 希望继续努力改进
2018-04-26 20:15:49,旺旺小小夏,1,钱扣了，游戏半点反应都没有
2018-04-26 20:35:33,进不了商场、老闪退,3,为了更好的游戏体验、花了三十块钱买了那个小秘书、结果钱是花了东西倒是没有买到！！！
2018-04-26 20:36:37,杜蕾斯BABY,1,我买了秘书显示未到账 结果我又买了一遍还是未到账 然后钱已经扣了？ 这我找谁去？
2018-04-26 20:44:31,垃！！圾！！！,1,投诉电话也没有
2018-04-26 20:44:31,梦魇mm,1,买了两次秘书都没有到账，白花了60，骗子！
2018-04-27 11:25:05,福克斯星空,3,这游戏内容可玩性不错，就是太费电了，不解决这个问题，估计会流失很多玩家
2018-04-27 14:44:52,还是坚持你的你,1,一块钱下载了，游戏画面还行，但内容单一，千篇一律，没有可玩性，适合少儿玩，小孩子过家家一样，十分钟卸载。
2018-04-27 22:07:31,万达国际影视传媒,2,升2档街区后，演员和发挥好像不是决定影片质量指标一样，媒体评分看人品，观众评分一般2分左右，就从没有大卖过了，这游戏玩不下去了~
2018-04-28 08:16:06,青春演绎着流年丶,3,活动签到忘记领取无法补签 起名字无法使用符号等
2018-04-28 16:00:40,燃烧的风尘,4,有点意思
2018-04-28 16:02:00,傲慢猫,5,不错的游戏，就是太费电
2018-04-28 16:02:00,晓不点的回忆,4,可以玩一下
2018-04-28 16:02:24,加载1988,4,功能上面还需要改改，消磨时间挺好。
2018-04-28 16:02:59,Gdg凤凰,5,可玩性很高，不过就是界面稍稍有点乱，看着比较影响观感。
2018-04-28 16:03:10,擦掉给面子,5,很好
2018-04-28 16:03:18,Willie凡凡,5,蛮好玩的，有点意思
2018-04-28 16:04:05,清故茶凉,5,真的好玩
2018-04-28 16:04:42,苏妲己彡彡彡,5,挺好
2018-04-28 16:05:09,小仙女六六,5,贼鸡儿好玩贼鸡儿好玩贼鸡儿好玩贼鸡儿好玩贼鸡儿好玩贼鸡儿好玩
2018-04-28 16:05:27,风移羽,5,只是大卖太看脸了
2018-04-28 16:05:49,苍穹羽,5,不想让人担心自己太
2018-04-28 16:06:26,哈哈联系,5,不错不错，，，，
2018-04-28 16:06:33,669653465,5,Hi好兴民明明哦！！！，morning
2018-04-28 16:06:46,兰米,5,一定程度了、不想要不要不要不要不是不会再不喝汤就此
2018-04-28 16:07:03,卡特无聊,5,可口
2018-04-28 18:13:53,我家宝宝现在,3,更新到21不会动什么鬼
2018-04-28 20:17:14,小岳剑剑,5,第一次这么认真写评论 这是一个非常非常好的游戏 内容足够丰富 题材新颖 而且具有随机性 要判断市场 不再是单纯的拼数字 拼属性 拼充值的游戏 建议调整一下电影拍摄卷的发放机制 希望越来越好
2018-04-28 21:57:23,优尼美壳,1,开始以为不错呢，才开服一个月，五星艺人需要人民币一万块，这还没几天呢，又出来六星的了，648给两个碎片，60个碎片一个艺人，两万块买一个六星艺人。游戏一堆bug不修复，天天变着法去坑钱
2018-04-29 00:01:19,古田o_O,4,还行吧
2018-04-29 00:01:41,胡民国66564994,5,很好
2018-04-29 00:01:49,huaninflame,5,哈哈哈哈哈尴尬大大方方
2018-04-29 00:01:51,...哈哈哈哈男神,5,可以来玩
2018-04-29 00:01:54,我希望我快乐,5,挺好的
2018-04-29 00:01:56,Long fei,5,很好
2018-04-29 00:01:58,沐铂,5,这个游戏很形象，很好玩
2018-04-29 00:03:18,vwg g,5,游戏好玩
2018-04-29 00:03:38,灬持枪少年灬,5,好
2018-04-29 00:04:24,MJTKKBB,5,非常好玩
2018-04-29 00:04:45,babywenzlin,5,很新颖的游戏 开始就很喜欢 不过要多更新才留得住客人呐！
2018-04-29 00:05:15,林大喊大叫,5,想不到会大喊大叫酒店度假酒店
2018-04-29 00:05:22,拉斯特法里,5,游戏模式新颖好玩
2018-04-29 00:07:14,拽拽小白,5,好玩……！啊啊啊啊啊啊啊啊啊啊啊啊
2018-04-29 00:07:30,4斤指尖世界杯哦活泼梨,5,还行
2018-04-29 00:07:33,哦会推荐一下,5,或者回忆，你妈，哦民惠民，头号民惠民，哦，姐你想窝窝咯摸哦哦o
2018-04-29 13:37:23,夏侯浩然,1,这游戏吧，一开始玩感觉会还可以，但玩一段时间后你就会发现这只是一个想钱想疯了的游戏，活动只有一个中心主题，充值！各种让你充钱没有其他活动。后面一点可玩性都没有
2018-04-29 14:45:06,灵葵哦,1,iPhonex没优化，拍摄需要体力，内容没有心意，不推荐大家玩
2018-04-29 20:05:47,最好的三国游戏,5,花了钱弄的五星，居然擅长是随机的，一个黄色，求赶快出道具吧，建议增加个四星升五星的方式，希望游戏越做越好
2018-04-29 20:07:21,Wa ugdingfjj,1,显示免费下载。下载 输入账号密码。被自动扣款1元？？
2018-04-29 21:53:04,剪了头发,1,155级弃坑！2000消费，昨天出来9w李小龙，对rmb9万，果断88
2018-04-30 00:01:07,yuanliLeon666,5,很不错的游戏
2018-04-30 00:01:59,南宫李哥,5,游戏还是可以的，但是随机性太大了。
2018-04-30 00:02:22,丢丢Dany,5,棒
2018-04-30 00:02:39,青青燕子,5,好玩的游戏
2018-04-30 00:03:13,Kaylion,4,但是拍出大卖电影的几率太低了，即使各方面分值都很高，观众口碑依旧很低很低，有时候玩的有点郁闷。希望能再多出些电影和演员。还有，公务加载的速度太慢了，希望改进
2018-04-30 00:03:35,同时进驻,5,体系之余户
2018-04-30 00:03:41,ran～～～,5,好
2018-04-30 00:04:08,Yoyo871206,5,哈哈哈哈哈哈哈不
2018-04-30 00:04:15,哈啦啦啦啦大西瓜,5,感觉很好玩啊哈哈哈哈
2018-04-30 00:05:03,小喇零利率,5,基恩岁哦家里摸摸你的肺爹地丁敏破婆婆婆婆婆婆胡明明默默你明个家里几口考虑兔兔图图爸爸call拉粑粑啊啊啊吧笔记里弄哦
2018-04-30 00:05:22,就吃西瓜喜欢喜欢喜欢小游戏,5,的方法是什么时候回来呢。我在这里等你来时我就可以放心不下r
2018-04-30 00:05:43,在中偶吧,5,kkknxjwjnxjwjjxjsisksnsjsoxkxjjsnxnsjzkkams惊喜交加新年新技术可将下降明显嫁鸡随鸡世界先进的计算机尽善尽美的nxjsjxnxj#xjk#zk，你就在宽猛相济看看怎么行呢
2018-04-30 00:06:26,147762加好友,5,赶作业！好游戏！！！
2018-04-30 00:06:38,幻城-楠宝,5,好好给哥哥发的f
2018-04-30 00:06:49,慧哥1238,5,很有意思
2018-04-30 00:06:53,857789268742,5,66666666666
2018-04-30 04:42:14,角落的信徒,5,这次更新后耗电问题好一点了，但是又有个新问题出现，就是玩着玩着手机会发烫
2018-04-30 09:27:21,流年君,2,各种bug，耗电太快。一周能有两次购买艺人的活动，一个四星艺人要1k，五星艺人购买要上万，吃相难看，游戏更新创意没变多好，圈钱厉害…评分设定和上映量不知道是怎么计算的，奇葩。劝各位还是别下了。
2018-04-30 11:02:59,这游戏除了坑钱还坑爹,5,玩了两天冲了个月卡冲了个秘书60块不见了，没钱真别玩这游戏这游戏太烧钱，靠平民手段简直是天方夜谭，冲榜前三十的全是冲了一百以上的，闪退问题到底是要怎么解决，看评论你们已经解决实际上没有，这问题要再不解决，别说再冲不冲钱，直接卸载
2018-04-30 15:52:09,沉墨丶,5,"首先游戏还是很有可玩性的，题材很新颖，玩法也比较多样化。重点是这个游戏你要想玩下去就需要永无止境的花钱，当然你也可以选择不花，那么你连一天都玩不下去，当你花了钱之后，你会发现你永远都是打酱油的，只能靠3星4星艺人混日子，所有重要的东西五星以上的人物都需要花钱来获得，不花钱花时间？没用，因为根本没有那项选择。
这就是一个无良的不折不扣的坑钱游戏，当初我也充了小两千块钱，现在来看当时真是脑袋瓦特了，不是因为花钱了，而是因为这个游戏根本不值得花这么多钱。"
2018-04-30 19:57:40,MikiCCcC,3,海外用户没办法充值真是一个大bug，我已经故意用国内的apple id下载，设置的支付方式也是支付宝，还是不行。
2018-05-01 00:01:51,来PK拍吧啊怕怕,5,好好学习，天天在家啊？？？？？？？？我就知道你要多少我给你打电话吧！我就知道你要说什么了？，。我就知道你要什么时候有时间啊你怎么知道的，。我在学校的时间是几点的？我现在还真不知道怎么说你好亲爱的老公晚安我爱你么么哒晚安老婆大人我爱你老公晚安么么哒么么哒爱你爱你老婆大人，。我在学校呢还是要谢谢你了。？，。你在网上买的东西
2018-05-01 00:01:52,赌博屙弱爆,5,太tm烧钱了
2018-05-01 00:01:54,水晶包～,5,好玩，好玩到什么境界了呢？好玩到金牛座都充钱了！
2018-05-01 00:02:24,无聊啊啊啊啊爸爸( ˆ ˇ ˆ )-c<˘ ˑ ˘),5,特别上瘾。
2018-05-01 00:03:03,但李芳别人,5,还不错吧！一进去就克啦一个终身秘书，这类游戏就是这样，慢慢玩慢慢点就好啦
2018-05-01 00:03:50,5852777,5,好
2018-05-01 00:04:07,人到三十！,5,好玩好玩好玩好玩
2018-05-01 00:04:30,高出不慎寒,5,非常棒
2018-05-01 00:04:46,Allysasasa,4,基本上是刚上就下载了 玩了两天充了月卡和小秘书 后来老公老公觉得有意思也下载了 还可以吧挺好的打发时间的游戏 就是票房系统实在沉迷
2018-05-01 00:04:49,手机里我哭,5,再考虑咯开了
2018-05-01 00:05:35,_(:з」∠)_一本正经的胡说八道！！啊,5,有些机制过于繁琐，缺少聊天功能
2018-05-01 00:08:21,借鉴海地维和,5,不错不错我挺喜欢这类养成类游戏
2018-05-01 00:15:45,壕兔子,1,每次更新到23.6%进度条就不动了，无线网流量都没用，重启电话也没用，重启游戏依然每次到那儿就不动，都进不了游戏😭
2018-05-01 03:10:38,一心呆,1,整个游戏感觉开发商就是在不断的圈钱！不断的变花样让你充钱，不花钱就没有好明星，拍不出好电影！
2018-05-01 06:48:17,猫弦、,2,制作组太贪，李小龙接近10万元，看到这，就玩不下去了。
2018-05-01 09:59:20,最好的三国游戏,1,官方群管理员服务太差，什么不说，一副猪鼻插葱花拽上天，动不动提人，禁言，不尊重玩家的意见，强烈给予了差评，可惜后面程序员的开发成果，GM太差劲👎🏻！
2018-05-01 10:00:48,埃辛诺斯王子,1,垃圾的不要不要的
2018-05-01 13:16:48,R”“X,2,毫无逻辑可言 感觉一切都是随机的 刚开始还可以接受 100级以后还是这样 有点失去了游戏性
2018-05-01 14:50:33,。探索克,2,下载好进游戏让更新，21.54MB，每次到百分之11.9就卡着不动了，删除重新下载也一样，用其他手机也是这样，什么情况，求解救
2018-05-01 22:04:28,zdtgta5,1,手滑一下按到了指纹支付，直接GG ，一单648，服了，找客服都没信...
